,time_period,time,duration,amplitude
0,18:00:00,18:01:10,70.0,3.749999999999587
1,18:00:00,18:04:23,193.0,-3.3999999999950736
2,18:00:00,18:11:34,431.0,3.3999999999950736
3,18:00:00,18:27:51,977.0,-1.8749999999886913
4,18:00:00,18:00:03,48.0,50576.66999999998
5,18:00:00,18:03:55,232.0,-112071.76999999999
6,18:00:00,18:04:23,28.0,3.125
7,18:00:00,18:27:51,1408.0,-3.125
8,19:00:00,18:30:27,3.0,1.8749999999886913
9,19:00:00,18:31:46,79.0,-5.2749999999990305
10,19:00:00,18:32:53,67.0,1.8750000000039568
11,19:00:00,18:41:39,526.0,-5.2749999999990305
12,19:00:00,18:42:07,28.0,3.3999999999950736
13,19:00:00,18:44:05,118.0,-6.8000000000012495
14,19:00:00,18:44:06,1.0,3.400000000006176
15,19:00:00,18:44:41,35.0,-3.400000000006176
16,19:00:00,18:53:39,538.0,6.80000000000125
17,19:00:00,18:53:40,1.0,-3.3999999999950736
18,19:00:00,18:30:27,11.0,6.424999999989078
19,19:00:00,18:31:28,61.0,-3.0249999999940047
20,19:00:00,18:32:53,85.0,3.1249999999996563
21,19:00:00,18:40:49,476.0,-3.024999999987066
22,19:00:00,18:41:17,28.0,3.124999999992717
23,19:00:00,18:42:07,50.0,-3.124999999992717
24,19:00:00,18:42:16,9.0,3.124999999992717
25,19:00:00,18:44:06,110.0,-3.0250000000092703
26,19:00:00,18:44:45,39.0,3.124999999999656
27,19:00:00,18:53:39,534.0,-3.2249999999831025
28,20:00:00,19:00:57,41.0,-3.3999999999950736
29,20:00:00,19:02:41,104.0,6.800000000005413
30,20:00:00,19:05:00,139.0,-3.4000000000103388
31,20:00:00,19:05:08,8.0,3.400000000010339
32,20:00:00,19:07:19,131.0,-3.4000000000103388
33,20:00:00,19:07:59,40.0,1.8750000000039568
34,20:00:00,19:12:21,262.0,-1.8750000000039568
35,20:00:00,19:12:37,16.0,3.4000000000103388
36,20:00:00,19:19:42,425.0,-3.400000000010339
37,20:00:00,19:00:17,212.0,9.92499999999813
38,20:00:00,19:02:04,107.0,-3.225000000005307
39,20:00:00,19:02:14,10.0,3.124999999999656
40,20:00:00,19:02:41,27.0,-3.124999999999656
41,20:00:00,19:03:20,39.0,3.124999999999656
42,20:00:00,19:03:23,3.0,-3.124999999999656
43,20:00:00,19:05:03,100.0,3.1249999999996563
44,20:00:00,19:05:08,5.0,-3.124999999999656
45,20:00:00,19:06:11,63.0,3.1249999999996563
46,20:00:00,19:07:19,68.0,-3.024999999987066
47,20:00:00,19:07:59,40.0,3.024999999987066
48,20:00:00,19:12:32,273.0,-3.1249999999996563
49,20:00:00,19:12:36,4.0,3.124999999999656
50,20:00:00,19:12:37,1.0,-3.124999999999656
51,20:00:00,19:13:32,55.0,3.124999999999656
52,21:00:00,19:27:04,21.0,3.3999999999950736
53,21:00:00,19:27:15,11.0,-3.3999999999950736
54,21:00:00,19:27:32,17.0,10.199999999996322
55,21:00:00,19:27:33,1.0,-3.400000000006176
56,21:00:00,19:27:37,4.0,3.400000000006176
57,21:00:00,19:27:38,1.0,-3.400000000006176
58,21:00:00,19:27:48,10.0,3.400000000006176
59,21:00:00,19:29:36,108.0,-3.4000000000061767
60,21:00:00,19:29:42,6.0,3.4000000000061767
61,21:00:00,19:29:57,15.0,-1.5249999999952806
62,21:00:00,19:30:12,15.0,1.5249999999952806
63,21:00:00,19:37:06,414.0,-10.199999999996324
64,21:00:00,19:37:11,5.0,3.3999999999950736
65,21:00:00,19:37:59,48.0,-3.3999999999950736
66,21:00:00,19:41:17,198.0,13.6000000000025
67,21:00:00,19:43:57,160.0,-6.8000000000123535
68,21:00:00,19:45:49,112.0,6.8000000000123535
69,21:00:00,19:46:01,12.0,-3.4000000000061767
70,21:00:00,19:46:10,9.0,3.4000000000061767
71,21:00:00,19:47:11,61.0,-3.4000000000061767
72,21:00:00,19:47:24,13.0,3.4000000000061767
73,21:00:00,19:48:01,37.0,-3.4000000000061767
74,21:00:00,19:49:24,83.0,3.4000000000061767
75,21:00:00,19:49:25,1.0,-3.4000000000061767
76,21:00:00,19:49:29,4.0,3.4000000000061767
77,21:00:00,19:49:42,13.0,-3.4000000000061767
78,21:00:00,19:49:53,11.0,3.4000000000061767
79,21:00:00,19:49:54,1.0,-3.4000000000061767
80,21:00:00,19:50:09,15.0,3.4000000000061767
81,21:00:00,19:53:22,193.0,-6.800000000012353
82,21:00:00,19:53:23,1.0,3.400000000006176
83,21:00:00,19:53:57,34.0,-1.5249999999952806
84,21:00:00,19:54:46,49.0,1.5249999999952806
85,21:00:00,19:31:20,277.0,-0.1999999999890978
86,21:00:00,19:36:41,321.0,3.2249999999942047
87,21:00:00,19:41:17,276.0,-3.425000000005507
88,21:00:00,19:44:00,163.0,3.225000000005307
89,21:00:00,19:50:09,369.0,-3.225000000005307
90,21:00:00,19:53:57,228.0,3.225000000005307
91,21:00:00,19:54:47,50.0,-3.0249999999940047
92,22:00:00,19:56:02,18.0,-3.3999999999950736
93,22:00:00,19:56:05,3.0,3.3999999999950736
94,22:00:00,19:56:49,44.0,-3.3999999999950736
95,22:00:00,19:57:32,43.0,3.3999999999950736
96,22:00:00,19:57:36,4.0,-3.3999999999950736
97,22:00:00,19:57:44,8.0,3.3999999999950736
98,22:00:00,19:59:25,101.0,-4.9250000000014555
99,22:00:00,20:00:18,53.0,1.5250000000063824
100,22:00:00,20:00:20,2.0,-3.399999999995074
101,22:00:00,20:01:22,62.0,5.274999999994868
102,22:00:00,20:01:48,26.0,-1.8749999999997935
103,22:00:00,20:02:04,16.0,12.074999999996116
104,22:00:00,20:02:10,6.0,-1.8749999999886917
105,22:00:00,20:02:13,3.0,3.3999999999950727
106,22:00:00,20:02:16,3.0,-4.9250000000014555
107,22:00:00,20:02:23,7.0,4.9250000000014555
108,22:00:00,20:02:49,26.0,-3.3999999999950736
109,22:00:00,20:02:54,5.0,3.3999999999950736
110,22:00:00,20:03:01,7.0,-3.3999999999950736
111,22:00:00,20:03:07,6.0,3.3999999999950736
112,22:00:00,20:03:08,1.0,-3.3999999999950736
113,22:00:00,20:03:13,5.0,3.3999999999950736
114,22:00:00,20:03:57,44.0,-3.3999999999950736
115,22:00:00,20:03:59,2.0,3.3999999999950736
116,22:00:00,20:04:05,6.0,-3.3999999999950736
117,22:00:00,20:05:02,57.0,10.199999999985224
118,22:00:00,20:05:11,9.0,-6.799999999990149
119,22:00:00,20:05:14,3.0,3.3999999999950745
120,22:00:00,20:05:15,1.0,-3.3999999999950745
121,22:00:00,20:05:39,24.0,6.799999999990149
122,22:00:00,20:05:57,18.0,-6.799999999990149
123,22:00:00,20:06:02,5.0,3.3999999999950745
124,22:00:00,20:06:30,28.0,-3.3999999999950745
125,22:00:00,20:06:37,7.0,6.799999999990149
126,22:00:00,20:06:55,18.0,-3.3999999999950745
127,22:00:00,20:07:42,47.0,3.3999999999950745
128,22:00:00,20:07:43,1.0,-3.3999999999950745
129,22:00:00,20:07:47,4.0,3.3999999999950745
130,22:00:00,20:08:48,61.0,-10.199999999985224
131,22:00:00,20:08:49,1.0,3.3999999999950736
132,22:00:00,20:09:22,33.0,-6.80000000000125
133,22:00:00,20:09:25,3.0,3.400000000006176
134,22:00:00,20:10:01,36.0,-3.4000000000061763
135,22:00:00,20:12:42,161.0,6.800000000001251
136,22:00:00,20:12:55,13.0,-3.3999999999950736
137,22:00:00,20:13:10,15.0,3.3999999999950736
138,22:00:00,20:14:29,79.0,-6.80000000000125
139,22:00:00,20:14:35,6.0,6.80000000000125
140,22:00:00,20:14:36,1.0,-3.3999999999950736
141,22:00:00,20:14:48,12.0,16.99999999999064
142,22:00:00,20:14:57,9.0,-6.8000000000054115
143,22:00:00,20:15:04,7.0,3.4000000000103405
144,22:00:00,20:15:05,1.0,-3.4000000000103405
145,22:00:00,20:15:31,26.0,17.000000000012832
146,22:00:00,20:15:32,1.0,-3.4000000000061767
147,22:00:00,20:15:34,2.0,6.800000000001251
148,22:00:00,20:15:38,4.0,-6.800000000001251
149,22:00:00,20:15:43,5.0,6.800000000001251
150,22:00:00,20:15:44,1.0,-3.3999999999950745
151,22:00:00,20:15:46,2.0,3.3999999999950745
152,22:00:00,20:15:56,10.0,-6.800000000001251
153,22:00:00,20:16:17,21.0,6.800000000001251
154,22:00:00,20:16:18,1.0,-3.3999999999950745
155,22:00:00,20:16:24,6.0,10.199999999996322
156,22:00:00,20:16:33,9.0,-6.800000000001248
157,22:00:00,20:16:39,6.0,3.3999999999950745
158,22:00:00,20:16:40,1.0,-3.3999999999950745
159,22:00:00,20:16:58,18.0,10.199999999996322
160,22:00:00,20:17:04,6.0,-3.3999999999950745
161,22:00:00,20:17:07,3.0,3.3999999999950745
162,22:00:00,20:17:37,30.0,-13.599999999991397
163,22:00:00,20:17:38,1.0,3.3999999999950745
164,22:00:00,20:18:01,23.0,-6.800000000001244
165,22:00:00,20:18:12,11.0,6.800000000001244
166,22:00:00,20:18:24,12.0,-3.3999999999950674
167,22:00:00,20:19:01,37.0,5.2749999999948685
168,22:00:00,20:20:24,83.0,-15.475000000002296
169,22:00:00,20:20:29,5.0,3.4000000000061767
170,22:00:00,20:21:47,78.0,-10.200000000011588
171,22:00:00,20:22:02,15.0,3.400000000010337
172,22:00:00,20:22:17,15.0,-1.5249999999994444
173,22:00:00,20:22:41,24.0,1.5249999999994444
174,22:00:00,20:23:23,42.0,-6.8000000000054115
175,22:00:00,19:55:57,14.0,6.52499999999473
176,22:00:00,19:57:44,107.0,-3.124999999999656
177,22:00:00,19:59:25,101.0,3.2249999999942047
178,22:00:00,20:02:13,168.0,-3.525000000000056
179,22:00:00,20:02:16,3.0,3.2249999999942047
180,22:00:00,20:02:23,7.0,-3.2249999999942047
181,22:00:00,20:03:01,38.0,0.0999999999945489
182,22:00:00,20:03:13,12.0,-0.0999999999945489
183,22:00:00,20:04:05,52.0,0.0999999999945489
184,22:00:00,20:05:02,57.0,-0.2999999999947489
185,22:00:00,20:05:15,13.0,0.20000000000020002
186,22:00:00,20:05:39,24.0,-0.20000000000020002
187,22:00:00,20:06:30,51.0,0.20000000000020002
188,22:00:00,20:06:37,7.0,-0.20000000000020002
189,22:00:00,20:06:55,18.0,0.10000000000565112
190,22:00:00,20:08:23,88.0,0.0
191,22:00:00,20:09:03,40.0,3.2249999999942047
192,22:00:00,20:12:42,219.0,-3.124999999999656
193,22:00:00,20:12:55,13.0,0.0999999999945489
194,22:00:00,20:13:59,64.0,0.0
195,22:00:00,20:14:29,30.0,0.10000000000565112
196,22:00:00,20:14:48,19.0,-0.5999999999964363
197,22:00:00,20:14:58,10.0,3.225000000001144
198,22:00:00,20:15:46,48.0,-3.6250000000015437
199,22:00:00,20:15:56,10.0,0.1999999999890978
200,22:00:00,20:16:24,28.0,-0.3999999999892978
201,22:00:00,20:16:40,16.0,0.20000000000020002
202,22:00:00,20:17:07,27.0,-0.2999999999947489
203,22:00:00,20:17:12,5.0,3.2249999999942047
204,22:00:00,20:17:19,7.0,-3.025000000005107
205,22:00:00,20:17:43,24.0,3.225000000005307
206,22:00:00,20:18:12,29.0,-3.124999999999656
207,22:00:00,20:18:27,15.0,3.124999999999656
208,22:00:00,20:19:34,67.0,-3.025000000005107
209,22:00:00,20:20:22,48.0,3.324999999999856
210,22:00:00,20:20:29,7.0,-3.124999999999656
211,22:00:00,20:21:47,78.0,0.30000000000168825
212,22:00:00,20:22:02,15.0,-0.10000000000148823
213,22:00:00,20:22:17,15.0,3.1250000000065947
214,22:00:00,20:22:41,24.0,-3.1250000000065947
215,23:00:00,20:23:41,11.0,4.925000000005619
216,23:00:00,20:23:46,5.0,-3.4000000000103388
217,23:00:00,20:24:21,35.0,3.4000000000103388
218,23:00:00,20:24:40,19.0,-3.400000000010339
219,23:00:00,20:24:41,1.0,3.400000000010339
220,23:00:00,20:24:54,13.0,-3.400000000010339
221,23:00:00,20:24:55,1.0,3.400000000010339
222,23:00:00,20:24:59,4.0,-3.4000000000103388
223,23:00:00,20:25:01,2.0,3.4000000000103388
224,23:00:00,20:25:13,12.0,-1.5249999999994435
225,23:00:00,20:25:50,37.0,1.5249999999994435
226,23:00:00,20:26:53,63.0,-10.200000000000486
227,23:00:00,20:27:12,19.0,3.3999999999950736
228,23:00:00,20:27:29,17.0,-3.3999999999950736
229,23:00:00,20:27:32,3.0,3.3999999999950736
230,23:00:00,20:27:39,7.0,-3.3999999999950736
231,23:00:00,20:27:40,1.0,3.3999999999950736
232,23:00:00,20:28:27,47.0,-6.799999999990149
233,23:00:00,20:28:45,18.0,3.3999999999950745
234,23:00:00,20:29:34,49.0,-3.3999999999950745
235,23:00:00,20:29:47,13.0,1.8749999999886917
236,23:00:00,20:30:13,26.0,-1.8749999999886917
237,23:00:00,20:30:41,28.0,1.8749999999886917
238,23:00:00,20:30:49,8.0,-1.8749999999886917
239,23:00:00,20:31:03,14.0,3.3999999999950745
240,23:00:00,20:31:10,7.0,-1.5250000000063828
241,23:00:00,20:31:35,25.0,1.5250000000063828
242,23:00:00,20:31:36,1.0,-3.3999999999950727
243,23:00:00,20:31:49,13.0,3.3999999999950745
244,23:00:00,20:32:52,63.0,-3.3999999999950745
245,23:00:00,20:32:53,1.0,3.3999999999950736
246,23:00:00,20:32:54,1.0,-3.3999999999950736
247,23:00:00,20:33:05,11.0,3.3999999999950745
248,23:00:00,20:33:16,11.0,-3.3999999999950745
249,23:00:00,20:33:21,5.0,3.3999999999950736
250,23:00:00,20:33:38,17.0,-1.525000000006382
251,23:00:00,20:34:33,55.0,3.4000000000061763
252,23:00:00,20:35:31,58.0,-1.8749999999997935
253,23:00:00,20:35:32,1.0,3.3999999999950736
254,23:00:00,20:36:31,59.0,-10.199999999996326
255,23:00:00,20:37:17,46.0,3.4000000000061767
256,23:00:00,20:37:41,24.0,-3.4000000000061767
257,23:00:00,20:37:42,1.0,3.4000000000061767
258,23:00:00,20:38:10,28.0,-3.4000000000061767
259,23:00:00,20:38:11,1.0,3.4000000000061767
260,23:00:00,20:38:26,15.0,-3.4000000000061767
261,23:00:00,20:40:15,109.0,3.4000000000061767
262,23:00:00,20:40:23,8.0,-1.5250000000063828
263,23:00:00,20:40:59,36.0,1.5250000000063828
264,23:00:00,20:42:44,105.0,-10.200000000007428
265,23:00:00,20:42:46,2.0,3.3999999999950745
266,23:00:00,20:42:59,13.0,-3.3999999999950745
267,23:00:00,20:43:07,8.0,3.3999999999950745
268,23:00:00,20:43:09,2.0,-3.3999999999950745
269,23:00:00,20:43:17,8.0,3.3999999999950745
270,23:00:00,20:44:29,72.0,-6.799999999990149
271,23:00:00,20:44:38,9.0,3.3999999999950745
272,23:00:00,20:45:16,38.0,-3.3999999999950745
273,23:00:00,20:45:17,1.0,3.3999999999950745
274,23:00:00,20:45:24,7.0,-1.5250000000063828
275,23:00:00,20:46:23,59.0,4.925000000001457
276,23:00:00,20:46:43,20.0,-3.3999999999950745
277,23:00:00,20:47:10,27.0,3.3999999999950745
278,23:00:00,20:47:14,4.0,-3.3999999999950745
279,23:00:00,20:47:16,2.0,3.3999999999950745
280,23:00:00,20:47:17,1.0,-3.3999999999950745
281,23:00:00,20:48:28,71.0,3.3999999999950745
282,23:00:00,20:48:52,24.0,-3.3999999999950745
283,23:00:00,20:49:03,11.0,3.3999999999950745
284,23:00:00,20:50:00,57.0,-3.3999999999950745
285,23:00:00,20:51:22,82.0,3.3999999999950745
286,23:00:00,20:51:48,26.0,-3.3999999999950745
287,23:00:00,20:51:49,1.0,3.3999999999950745
288,23:00:00,20:51:53,4.0,-3.3999999999950745
289,23:00:00,20:52:02,9.0,3.3999999999950745
290,23:00:00,20:23:41,11.0,-3.225000000001144
291,23:00:00,20:23:47,6.0,3.125000000006595
292,23:00:00,20:24:21,34.0,-3.1250000000065947
293,23:00:00,20:24:27,6.0,3.1250000000065947
294,23:00:00,20:24:41,14.0,-3.125000000006595
295,23:00:00,20:24:45,4.0,3.1250000000065947
296,23:00:00,20:24:55,10.0,-3.125000000006595
297,23:00:00,20:25:00,5.0,3.125000000006595
298,23:00:00,20:25:01,1.0,-3.1250000000065947
299,23:00:00,20:25:13,12.0,3.1250000000065947
300,23:00:00,20:25:50,37.0,-3.1250000000065947
301,23:00:00,20:26:56,66.0,3.325000000006795
302,23:00:00,20:27:12,16.0,-3.124999999999656
303,23:00:00,20:27:47,35.0,3.124999999999656
304,23:00:00,20:29:34,107.0,-2.925000000010558
305,23:00:00,20:29:47,13.0,3.025000000005107
306,23:00:00,20:30:13,26.0,-3.025000000005107
307,23:00:00,20:30:41,28.0,3.025000000005107
308,23:00:00,20:30:49,8.0,-3.025000000005107
309,23:00:00,20:31:10,21.0,3.025000000005107
310,23:00:00,20:31:49,39.0,-3.124999999999656
311,23:00:00,20:32:57,68.0,3.124999999999656
312,23:00:00,20:33:21,24.0,-3.124999999999656
313,23:00:00,20:33:38,17.0,3.124999999999656
314,23:00:00,20:34:19,41.0,-3.124999999999656
315,23:00:00,20:34:33,14.0,3.025000000005107
316,23:00:00,20:35:32,59.0,-3.124999999999656
317,23:00:00,20:36:31,59.0,0.2999999999947489
318,23:00:00,20:37:42,71.0,-0.10000000000565112
319,23:00:00,20:38:25,43.0,3.124999999999656
320,23:00:00,20:40:15,110.0,-3.124999999999656
321,23:00:00,20:40:23,8.0,3.124999999999656
322,23:00:00,20:40:59,36.0,-3.124999999999656
323,23:00:00,20:42:49,110.0,3.325000000010958
324,23:00:00,20:43:17,28.0,-3.124999999999656
325,23:00:00,20:43:40,23.0,3.124999999999656
326,23:00:00,20:44:38,58.0,-3.025000000005107
327,23:00:00,20:45:24,46.0,3.124999999999656
328,23:00:00,20:46:23,59.0,-3.2249999999942047
329,23:00:00,20:46:37,14.0,3.124999999999656
330,23:00:00,20:47:16,39.0,-3.124999999999656
331,23:00:00,20:47:30,14.0,3.124999999999656
332,23:00:00,20:48:28,58.0,-3.124999999999656
333,23:00:00,20:50:03,95.0,3.124999999999656
334,23:00:00,20:51:22,79.0,-3.124999999999656
335,23:00:00,20:52:01,39.0,3.124999999999656
336,00:00:00,20:54:08,80.0,-6.799999999990147
337,00:00:00,20:54:11,3.0,3.3999999999950736
338,00:00:00,20:54:30,19.0,-3.3999999999950736
339,00:00:00,20:54:32,2.0,3.3999999999950736
340,00:00:00,20:54:34,2.0,-3.3999999999950736
341,00:00:00,20:55:13,39.0,6.799999999990147
342,00:00:00,20:55:18,5.0,-3.3999999999950736
343,00:00:00,20:55:19,1.0,3.3999999999950736
344,00:00:00,20:55:22,3.0,-3.3999999999950736
345,00:00:00,20:55:30,8.0,3.3999999999950736
346,00:00:00,20:55:37,7.0,-1.5249999999952801
347,00:00:00,20:56:06,29.0,4.9250000000014555
348,00:00:00,20:56:13,7.0,-3.400000000006176
349,00:00:00,20:56:21,8.0,3.400000000006176
350,00:00:00,20:57:19,58.0,-4.9250000000014555
351,00:00:00,20:59:40,141.0,8.32500000000763
352,00:00:00,20:59:58,18.0,-3.400000000006176
353,00:00:00,21:00:19,21.0,3.400000000006176
354,00:00:00,21:03:15,176.0,-3.4000000000061763
355,00:00:00,21:04:33,78.0,3.4000000000061763
356,00:00:00,21:04:37,4.0,-6.800000000012352
357,00:00:00,21:06:11,94.0,10.200000000007424
358,00:00:00,21:07:00,49.0,-4.925000000001457
359,00:00:00,21:07:32,32.0,8.324999999996532
360,00:00:00,21:08:24,52.0,-6.799999999990148
361,00:00:00,21:09:01,37.0,6.799999999990148
362,00:00:00,21:09:05,4.0,-3.3999999999950745
363,00:00:00,21:10:11,66.0,3.3999999999950745
364,00:00:00,21:10:44,33.0,-6.799999999990148
365,00:00:00,21:10:53,9.0,6.799999999990148
366,00:00:00,21:13:13,140.0,-10.199999999996324
367,00:00:00,21:13:14,1.0,3.400000000006176
368,00:00:00,21:13:37,23.0,-3.400000000006176
369,00:00:00,21:14:04,27.0,3.4000000000061767
370,00:00:00,21:15:15,71.0,-6.800000000012352
371,00:00:00,21:15:28,13.0,3.400000000006176
372,00:00:00,21:15:56,28.0,-10.199999999996322
373,00:00:00,21:16:26,30.0,8.675000000001043
374,00:00:00,21:18:00,94.0,-12.074999999996116
375,00:00:00,21:18:38,38.0,6.799999999990148
376,00:00:00,21:18:42,4.0,-3.3999999999950736
377,00:00:00,21:18:46,4.0,3.399999999995074
378,00:00:00,21:19:05,19.0,-6.799999999990149
379,00:00:00,21:20:03,58.0,5.274999999983766
380,00:00:00,21:20:20,17.0,-1.8749999999886917
381,00:00:00,21:20:47,27.0,6.799999999990147
382,00:00:00,21:20:48,1.0,-3.3999999999950736
383,00:00:00,20:54:38,111.0,6.624999999989278
384,00:00:00,20:55:39,61.0,-3.2249999999942047
385,00:00:00,20:56:28,49.0,3.0249999999940047
386,00:00:00,20:57:58,90.0,-3.0249999999940047
387,00:00:00,20:58:23,25.0,3.0249999999940047
388,00:00:00,20:59:40,77.0,-3.225000000005307
389,00:00:00,21:00:05,25.0,3.124999999999656
390,00:00:00,21:00:19,14.0,-3.124999999999656
391,00:00:00,21:01:50,91.0,3.124999999999656
392,00:00:00,21:03:15,85.0,-3.0249999999940047
393,00:00:00,21:03:33,18.0,3.0249999999940047
394,00:00:00,21:07:32,239.0,-3.3249999999887536
395,00:00:00,21:08:29,57.0,3.2249999999942047
396,00:00:00,21:10:11,102.0,-3.2249999999942047
397,00:00:00,21:10:48,37.0,3.2249999999942047
398,00:00:00,21:10:53,5.0,-3.2249999999942047
399,00:00:00,21:11:03,10.0,3.124999999999656
400,00:00:00,21:11:22,19.0,-3.025000000005107
401,00:00:00,21:13:51,149.0,3.2249999999942047
402,00:00:00,21:14:04,13.0,-3.124999999999656
403,00:00:00,21:15:58,114.0,3.425000000005507
404,00:00:00,21:17:12,74.0,-3.2249999999942047
405,00:00:00,21:18:10,58.0,3.3249999999887536
406,00:00:00,21:18:46,36.0,-3.2249999999942047
407,00:00:00,21:18:54,8.0,3.2249999999942047
408,00:00:00,21:20:20,86.0,-3.124999999999656
409,00:00:00,21:20:36,16.0,3.025000000005107
410,00:00:00,21:20:50,14.0,-0.0999999999945489
411,01:00:00,21:21:30,34.0,6.8000000000012495
412,01:00:00,21:22:19,49.0,-1.874999999999794
413,01:00:00,21:22:22,3.0,3.400000000006175
414,01:00:00,21:22:53,31.0,-3.4000000000061767
415,01:00:00,21:22:58,5.0,3.4000000000061767
416,01:00:00,21:23:07,9.0,-3.4000000000061767
417,01:00:00,21:23:14,7.0,3.4000000000061767
418,01:00:00,21:24:10,56.0,-13.600000000002499
419,01:00:00,21:24:12,2.0,3.3999999999950736
420,01:00:00,21:24:43,31.0,-3.3999999999950736
421,01:00:00,21:24:51,8.0,3.3999999999950736
422,01:00:00,21:25:46,55.0,-6.799999999990149
423,01:00:00,21:26:37,51.0,8.674999999989941
424,01:00:00,21:26:55,18.0,-1.8749999999997935
425,01:00:00,21:27:35,40.0,1.8749999999997935
426,01:00:00,21:27:54,19.0,-1.8749999999997935
427,01:00:00,21:28:12,18.0,3.3999999999950736
428,01:00:00,21:28:33,21.0,-3.3999999999950736
429,01:00:00,21:29:40,67.0,6.8000000000012495
430,01:00:00,21:29:46,6.0,-3.400000000006176
431,01:00:00,21:29:53,7.0,3.400000000006176
432,01:00:00,21:30:01,8.0,-3.400000000006176
433,01:00:00,21:30:39,38.0,6.800000000012353
434,01:00:00,21:30:44,5.0,-3.4000000000061767
435,01:00:00,21:30:47,3.0,3.4000000000061767
436,01:00:00,21:31:12,25.0,-3.4000000000061767
437,01:00:00,21:32:25,73.0,23.800000000002992
438,01:00:00,21:32:28,3.0,-6.800000000001251
439,01:00:00,21:32:29,1.0,3.3999999999950745
440,01:00:00,21:32:30,1.0,-3.3999999999950745
441,01:00:00,21:32:31,1.0,3.3999999999950745
442,01:00:00,21:32:35,4.0,-3.3999999999950745
443,01:00:00,21:32:44,9.0,3.3999999999950745
444,01:00:00,21:33:05,21.0,-10.20000000000049
445,01:00:00,21:33:06,1.0,3.3999999999950745
446,01:00:00,21:33:16,10.0,-10.199999999985222
447,01:00:00,21:33:32,16.0,6.799999999990147
448,01:00:00,21:33:48,16.0,-3.3999999999950745
449,01:00:00,21:33:49,1.0,3.3999999999950745
450,01:00:00,21:34:24,35.0,-13.600000000002503
451,01:00:00,21:34:33,9.0,10.200000000007426
452,01:00:00,21:34:50,17.0,-3.3999999999950745
453,01:00:00,21:35:34,44.0,13.599999999995564
454,01:00:00,21:35:38,4.0,-3.4000000000103405
455,01:00:00,21:35:40,2.0,3.4000000000103405
456,01:00:00,21:35:56,16.0,-10.200000000000486
457,01:00:00,21:36:08,12.0,3.3999999999950745
458,01:00:00,21:36:24,16.0,-6.799999999990149
459,01:00:00,21:36:51,27.0,10.199999999985224
460,01:00:00,21:37:00,9.0,-1.5249999999952806
461,01:00:00,21:37:15,15.0,3.4000000000061767
462,01:00:00,21:37:39,24.0,-5.275000000005971
463,01:00:00,21:37:41,2.0,3.3999999999950745
464,01:00:00,21:38:10,29.0,-3.3999999999950745
465,01:00:00,21:38:12,2.0,3.3999999999950745
466,01:00:00,21:38:41,29.0,-10.199999999985224
467,01:00:00,21:38:48,7.0,3.3999999999950745
468,01:00:00,21:39:12,24.0,-3.3999999999950745
469,01:00:00,21:39:16,4.0,3.3999999999950745
470,01:00:00,21:39:54,38.0,-10.200000000007426
471,01:00:00,21:40:01,7.0,5.275000000005969
472,01:00:00,21:41:19,78.0,-5.27500000000597
473,01:00:00,21:41:49,30.0,3.400000000006176
474,01:00:00,21:42:00,11.0,-3.400000000006176
475,01:00:00,21:42:05,5.0,3.400000000006176
476,01:00:00,21:42:21,16.0,-3.400000000006176
477,01:00:00,21:42:29,8.0,6.800000000012353
478,01:00:00,21:42:34,5.0,-1.5250000000063828
479,01:00:00,21:42:41,7.0,1.5250000000063828
480,01:00:00,21:43:02,21.0,-4.9250000000014555
481,01:00:00,21:43:11,9.0,4.9250000000014555
482,01:00:00,21:43:18,7.0,-3.400000000006176
483,01:00:00,21:43:22,4.0,3.400000000006176
484,01:00:00,21:43:53,31.0,-6.800000000012353
485,01:00:00,21:43:54,1.0,3.400000000006176
486,01:00:00,21:43:56,2.0,-3.400000000006176
487,01:00:00,21:43:57,1.0,3.400000000006176
488,01:00:00,21:44:24,27.0,-10.199999999996322
489,01:00:00,21:44:31,7.0,3.3999999999950736
490,01:00:00,21:44:33,2.0,-3.3999999999950736
491,01:00:00,21:44:48,15.0,6.799999999990147
492,01:00:00,21:44:50,2.0,-3.3999999999950736
493,01:00:00,21:45:24,34.0,6.8000000000012495
494,01:00:00,21:45:38,14.0,-3.400000000006176
495,01:00:00,21:45:47,9.0,6.800000000012353
496,01:00:00,21:47:48,121.0,-13.600000000002499
497,01:00:00,21:47:59,11.0,3.3999999999950736
498,01:00:00,21:48:12,13.0,-6.799999999990147
499,01:00:00,21:48:38,26.0,3.3999999999950745
500,01:00:00,21:48:56,18.0,-6.800000000005413
501,01:00:00,21:48:57,1.0,3.4000000000103388
502,01:00:00,21:21:17,21.0,-3.225000000005307
503,01:00:00,21:21:30,13.0,3.0249999999940047
504,01:00:00,21:22:58,88.0,-3.124999999999656
505,01:00:00,21:23:09,11.0,3.124999999999656
506,01:00:00,21:23:14,5.0,-3.124999999999656
507,01:00:00,21:24:45,91.0,3.425000000005507
508,01:00:00,21:26:23,98.0,-3.124999999999656
509,01:00:00,21:26:37,14.0,3.025000000005107
510,01:00:00,21:26:55,18.0,-3.025000000005107
511,01:00:00,21:27:35,40.0,3.025000000005107
512,01:00:00,21:28:12,37.0,-3.124999999999656
513,01:00:00,21:28:33,21.0,0.0999999999945489
514,01:00:00,21:30:47,134.0,-0.30000000000585114
515,01:00:00,21:30:55,8.0,3.124999999999656
516,01:00:00,21:32:44,109.0,-3.624999999990441
517,01:00:00,21:33:17,33.0,3.524999999995893
518,01:00:00,21:33:32,15.0,-3.2249999999942047
519,01:00:00,21:34:01,29.0,3.124999999999656
520,01:00:00,21:34:06,5.0,-3.025000000005107
521,01:00:00,21:34:29,23.0,3.2249999999942047
522,01:00:00,21:34:33,4.0,-3.2249999999942047
523,01:00:00,21:34:50,17.0,0.0999999999945489
524,01:00:00,21:35:34,44.0,-0.39999999999623714
525,01:00:00,21:35:39,5.0,3.1250000000065947
526,01:00:00,21:35:40,1.0,-3.1250000000065947
527,01:00:00,21:35:50,10.0,3.225000000001144
528,01:00:00,21:36:08,18.0,-3.0249999999940047
529,01:00:00,21:36:24,16.0,0.1999999999890978
530,01:00:00,21:37:41,77.0,-0.2999999999947489
531,01:00:00,21:38:16,35.0,3.124999999999656
532,01:00:00,21:39:16,60.0,-2.924999999999456
533,01:00:00,21:40:01,45.0,3.2249999999942047
534,01:00:00,21:40:26,25.0,-3.0249999999940047
535,01:00:00,21:41:19,53.0,0.10000000000565112
536,01:00:00,21:41:49,30.0,-0.10000000000565112
537,01:00:00,21:42:06,17.0,3.124999999999656
538,01:00:00,21:42:41,35.0,-3.225000000005307
539,01:00:00,21:43:02,21.0,3.225000000005307
540,01:00:00,21:43:11,9.0,-3.225000000005307
541,01:00:00,21:43:28,17.0,3.124999999999656
542,01:00:00,21:44:12,44.0,-2.9249999999883536
543,01:00:00,21:44:24,12.0,0.1999999999890978
544,01:00:00,21:44:31,7.0,-0.0999999999945489
545,01:00:00,21:44:39,8.0,3.124999999999656
546,01:00:00,21:44:48,9.0,-3.2249999999942047
547,01:00:00,21:44:58,10.0,3.124999999999656
548,01:00:00,21:46:14,76.0,-3.225000000005307
549,01:00:00,21:46:47,33.0,3.225000000005307
550,01:00:00,21:47:46,59.0,-3.025000000005107
551,01:00:00,21:48:00,14.0,3.124999999999656
552,01:00:00,21:48:56,56.0,-2.8249999999868654
553,02:00:00,21:49:46,4.0,-1.5250000000063824
554,02:00:00,21:49:59,13.0,3.3999999999950736
555,02:00:00,21:50:07,8.0,-1.8749999999886913
556,02:00:00,21:50:09,2.0,3.3999999999950736
557,02:00:00,21:50:16,7.0,-1.5250000000063824
558,02:00:00,21:50:58,42.0,6.8000000000012495
559,02:00:00,21:51:06,8.0,-3.4000000000061767
560,02:00:00,21:51:37,31.0,4.9250000000014555
561,02:00:00,21:51:56,19.0,-6.799999999990148
562,02:00:00,21:51:59,3.0,3.3999999999950736
563,02:00:00,21:52:40,41.0,-6.799999999990147
564,02:00:00,21:53:17,37.0,6.799999999990147
565,02:00:00,21:54:02,45.0,-10.200000000000486
566,02:00:00,21:54:09,7.0,5.2749999999990305
567,02:00:00,21:54:28,19.0,-6.8000000000012495
568,02:00:00,21:54:56,28.0,4.925000000012558
569,02:00:00,21:55:16,20.0,-3.400000000010339
570,02:00:00,21:55:31,15.0,6.800000000005412
571,02:00:00,21:56:05,34.0,-6.800000000005412
572,02:00:00,21:56:22,17.0,3.400000000010339
573,02:00:00,21:57:59,97.0,-6.800000000005413
574,02:00:00,21:58:11,12.0,3.3999999999950736
575,02:00:00,21:58:20,9.0,-3.3999999999950736
576,02:00:00,21:58:36,16.0,3.3999999999950736
577,02:00:00,21:58:38,2.0,-3.3999999999950736
578,02:00:00,21:59:33,55.0,6.800000000005412
579,02:00:00,21:59:48,15.0,-3.400000000010339
580,02:00:00,21:59:51,3.0,3.400000000010339
581,02:00:00,22:01:08,77.0,-6.800000000005413
582,02:00:00,22:02:36,88.0,15.474999999995354
583,02:00:00,22:02:55,19.0,-1.874999999999794
584,02:00:00,22:02:59,4.0,3.3999999999950745
585,02:00:00,22:03:00,1.0,-3.3999999999950736
586,02:00:00,22:03:07,7.0,3.3999999999950736
587,02:00:00,22:03:09,2.0,-3.3999999999950736
588,02:00:00,22:05:58,169.0,10.200000000007424
589,02:00:00,22:07:21,83.0,-3.4000000000061767
590,02:00:00,22:07:29,8.0,6.800000000001251
591,02:00:00,22:07:31,2.0,-3.3999999999950745
592,02:00:00,22:08:07,36.0,3.3999999999950745
593,02:00:00,22:09:42,95.0,-6.800000000001251
594,02:00:00,22:10:31,49.0,3.4000000000061767
595,02:00:00,22:10:45,14.0,-3.4000000000061767
596,02:00:00,22:11:00,15.0,3.4000000000061767
597,02:00:00,22:11:55,55.0,-3.4000000000061767
598,02:00:00,22:12:31,36.0,3.4000000000061767
599,02:00:00,22:14:03,92.0,-3.4000000000061767
600,02:00:00,22:14:09,6.0,3.4000000000061767
601,02:00:00,22:16:55,166.0,-13.600000000002503
602,02:00:00,21:49:46,24.0,9.924999999989803
603,02:00:00,21:51:59,133.0,-3.324999999999856
604,02:00:00,21:52:38,39.0,3.2249999999942047
605,02:00:00,21:53:30,52.0,-3.124999999999656
606,02:00:00,21:53:54,24.0,3.2250000000053074
607,02:00:00,21:54:23,29.0,-3.1249999999996563
608,02:00:00,21:54:28,5.0,3.2250000000053074
609,02:00:00,21:55:31,63.0,-3.325000000010959
610,02:00:00,21:55:54,23.0,3.225000000005307
611,02:00:00,22:05:58,604.0,-3.625000000005708
612,02:00:00,22:06:28,30.0,3.124999999999656
613,02:00:00,22:08:07,99.0,-3.2249999999942047
614,02:00:00,22:09:24,77.0,3.2249999999942047
615,02:00:00,22:10:31,67.0,-3.124999999999656
616,02:00:00,22:10:51,20.0,3.124999999999656
617,02:00:00,22:11:00,9.0,-3.124999999999656
618,02:00:00,22:11:55,55.0,0.10000000000565112
619,02:00:00,22:12:31,36.0,-0.10000000000565112
620,02:00:00,22:14:03,92.0,0.10000000000565112
621,02:00:00,22:14:09,6.0,-0.10000000000565112
622,02:00:00,22:16:23,134.0,3.425000000005507
623,02:00:00,22:16:53,30.0,0.0
624,03:00:00,22:19:00,9.0,-3.3999999999950736
625,03:00:00,22:19:03,3.0,3.3999999999950736
626,03:00:00,22:19:18,15.0,-3.3999999999950736
627,03:00:00,22:19:29,11.0,3.3999999999950736
628,03:00:00,22:19:37,8.0,-3.3999999999950736
629,03:00:00,22:20:11,34.0,3.3999999999950736
630,03:00:00,22:20:14,3.0,-3.3999999999950736
631,03:00:00,22:20:17,3.0,3.3999999999950736
632,03:00:00,22:20:24,7.0,-3.3999999999950736
633,03:00:00,22:20:40,16.0,1.8749999999997935
634,03:00:00,22:20:58,18.0,-1.8749999999997935
635,03:00:00,22:21:06,8.0,1.8749999999997935
636,03:00:00,22:21:11,5.0,-1.8749999999997935
637,03:00:00,22:21:13,2.0,3.3999999999950736
638,03:00:00,22:21:16,3.0,-3.3999999999950736
639,03:00:00,22:21:47,31.0,6.8000000000012495
640,03:00:00,22:22:01,14.0,-6.8000000000012495
641,03:00:00,22:23:10,69.0,6.8000000000012495
642,03:00:00,22:24:04,54.0,-3.400000000006176
643,03:00:00,22:26:07,123.0,10.200000000007424
644,03:00:00,22:26:33,26.0,-6.8000000000012495
645,03:00:00,22:27:48,75.0,6.800000000001251
646,03:00:00,22:28:11,23.0,-6.8000000000012495
647,03:00:00,22:28:27,16.0,5.2749999999948685
648,03:00:00,22:28:45,18.0,-1.8749999999886917
649,03:00:00,22:28:51,6.0,1.8749999999886917
650,03:00:00,22:30:10,79.0,-1.8749999999886917
651,03:00:00,22:30:18,8.0,3.3999999999950745
652,03:00:00,22:30:41,23.0,-4.925000000001457
653,03:00:00,22:31:02,21.0,1.5250000000063828
654,03:00:00,22:32:04,62.0,-6.800000000012352
655,03:00:00,22:32:06,2.0,3.400000000006176
656,03:00:00,22:32:57,51.0,-3.400000000006176
657,03:00:00,22:32:59,2.0,3.400000000006176
658,03:00:00,22:33:04,5.0,-3.400000000006176
659,03:00:00,22:33:09,5.0,1.8750000000108957
660,03:00:00,22:33:47,38.0,-1.8750000000108957
661,03:00:00,22:35:06,79.0,6.800000000012352
662,03:00:00,22:35:28,22.0,-3.400000000006176
663,03:00:00,22:37:40,132.0,5.274999999994868
664,03:00:00,22:37:55,15.0,-1.8749999999886917
665,03:00:00,22:39:24,89.0,10.199999999985224
666,03:00:00,22:40:12,48.0,-3.3999999999950745
667,03:00:00,22:41:36,84.0,6.8000000000054115
668,03:00:00,22:41:40,4.0,-3.4000000000103405
669,03:00:00,22:41:54,14.0,3.4000000000103405
670,03:00:00,22:42:10,16.0,-3.400000000010337
671,03:00:00,22:43:48,98.0,6.8000000000054115
672,03:00:00,22:43:52,4.0,-3.3999999999950745
673,03:00:00,22:44:20,28.0,6.800000000001251
674,03:00:00,22:44:53,33.0,-3.4000000000061767
675,03:00:00,22:45:00,7.0,3.4000000000061767
676,03:00:00,22:45:26,26.0,-3.4000000000061767
677,03:00:00,22:45:29,3.0,3.4000000000061767
678,03:00:00,22:45:43,14.0,-3.4000000000061767
679,03:00:00,22:45:49,6.0,3.4000000000061767
680,03:00:00,22:45:50,1.0,-3.4000000000061767
681,03:00:00,22:45:53,3.0,3.4000000000061767
682,03:00:00,22:45:54,1.0,-3.4000000000061767
683,03:00:00,22:46:16,22.0,6.800000000001251
684,03:00:00,22:46:17,1.0,-3.3999999999950745
685,03:00:00,22:18:59,49.0,13.324999999995981
686,03:00:00,22:19:03,4.0,-3.124999999999656
687,03:00:00,22:19:07,4.0,3.124999999999656
688,03:00:00,22:19:29,22.0,-3.124999999999656
689,03:00:00,22:19:37,8.0,0.0999999999945489
690,03:00:00,22:20:17,40.0,-0.0999999999945489
691,03:00:00,22:20:40,23.0,3.124999999999656
692,03:00:00,22:20:58,18.0,-3.025000000005107
693,03:00:00,22:21:06,8.0,3.025000000005107
694,03:00:00,22:21:13,7.0,-3.124999999999656
695,03:00:00,22:21:22,9.0,3.124999999999656
696,03:00:00,22:21:47,25.0,-3.225000000005307
697,03:00:00,22:22:04,17.0,3.225000000005307
698,03:00:00,22:23:10,66.0,-3.225000000005307
699,03:00:00,22:23:23,13.0,3.124999999999656
700,03:00:00,22:24:04,41.0,-3.0249999999940047
701,03:00:00,22:24:11,7.0,3.0249999999940047
702,03:00:00,22:26:07,116.0,-3.324999999999856
703,03:00:00,22:26:35,28.0,3.2249999999942047
704,03:00:00,22:27:32,57.0,-3.2249999999942047
705,03:00:00,22:27:33,1.0,3.124999999999656
706,03:00:00,22:27:42,9.0,-3.124999999999656
707,03:00:00,22:27:46,4.0,3.124999999999656
708,03:00:00,22:27:48,2.0,-3.124999999999656
709,03:00:00,22:28:12,24.0,3.2249999999942047
710,03:00:00,22:28:45,33.0,-3.124999999999656
711,03:00:00,22:28:51,6.0,3.025000000005107
712,03:00:00,22:30:11,80.0,-3.124999999999656
713,03:00:00,22:30:12,1.0,3.124999999999656
714,03:00:00,22:30:18,6.0,-3.124999999999656
715,03:00:00,22:30:19,1.0,3.124999999999656
716,03:00:00,22:30:36,17.0,-3.025000000005107
717,03:00:00,22:30:41,5.0,3.124999999999656
718,03:00:00,22:31:02,21.0,-3.124999999999656
719,03:00:00,22:31:33,31.0,3.225000000005307
720,03:00:00,22:32:06,33.0,-3.124999999999656
721,03:00:00,22:33:09,63.0,3.124999999999656
722,03:00:00,22:33:49,40.0,-3.124999999999656
723,03:00:00,22:33:53,4.0,3.124999999999656
724,03:00:00,22:34:09,16.0,-3.124999999999656
725,03:00:00,22:34:11,2.0,3.124999999999656
726,03:00:00,22:34:42,31.0,-3.225000000005307
727,03:00:00,22:34:45,3.0,3.124999999999656
728,03:00:00,22:35:06,21.0,-3.124999999999656
729,03:00:00,22:35:28,22.0,0.10000000000565112
730,03:00:00,22:37:33,125.0,-0.10000000000565112
731,03:00:00,22:37:40,7.0,3.025000000005107
732,03:00:00,22:37:55,15.0,-3.025000000005107
733,03:00:00,22:38:54,59.0,3.025000000005107
734,03:00:00,22:39:24,30.0,-3.324999999999856
735,03:00:00,22:40:12,48.0,0.10000000000565112
736,03:00:00,22:41:36,84.0,-0.20000000000713936
737,03:00:00,22:41:49,13.0,3.1250000000065947
738,03:00:00,22:41:54,5.0,-3.1250000000065947
739,03:00:00,22:42:10,16.0,0.10000000000148823
740,03:00:00,22:43:43,93.0,-0.19999999999603713
741,03:00:00,22:43:44,1.0,3.1250000000065947
742,03:00:00,22:43:48,4.0,-3.1250000000065947
743,03:00:00,22:43:49,1.0,3.1250000000065947
744,03:00:00,22:43:52,3.0,-3.025000000012046
745,03:00:00,22:43:55,3.0,3.025000000012046
746,03:00:00,22:43:57,2.0,-3.1250000000065947
747,03:00:00,22:44:01,4.0,3.1250000000065947
748,03:00:00,22:44:07,6.0,-3.1250000000065947
749,03:00:00,22:44:08,1.0,3.1250000000065947
750,03:00:00,22:44:20,12.0,-3.225000000012246
751,03:00:00,22:44:53,33.0,0.10000000000565112
752,03:00:00,22:45:00,7.0,-0.10000000000565112
753,03:00:00,22:45:10,10.0,3.124999999999656
754,03:00:00,22:45:29,19.0,-3.124999999999656
755,03:00:00,22:45:47,18.0,3.124999999999656
756,03:00:00,22:45:49,2.0,-3.124999999999656
757,03:00:00,22:45:52,3.0,3.124999999999656
758,03:00:00,22:46:01,9.0,-3.124999999999656
759,03:00:00,22:46:07,6.0,3.0249999999940047
760,03:00:00,22:46:16,9.0,-3.124999999999656
761,03:00:00,22:46:18,2.0,3.124999999999656
762,03:00:00,22:46:38,20.0,-3.124999999999656
763,03:00:00,22:46:39,1.0,3.124999999999656
764,03:00:00,22:46:41,2.0,-3.124999999999656
765,04:00:00,22:47:23,23.0,-6.8000000000012495
766,04:00:00,22:47:24,1.0,3.400000000006176
767,04:00:00,22:47:31,7.0,-3.400000000006176
768,04:00:00,22:47:39,8.0,3.4000000000061763
769,04:00:00,22:47:43,4.0,-3.4000000000061763
770,04:00:00,22:48:17,34.0,5.274999999994867
771,04:00:00,22:48:48,31.0,-1.8749999999886913
772,04:00:00,22:48:57,9.0,3.3999999999950736
773,04:00:00,22:49:05,8.0,-3.3999999999950736
774,04:00:00,22:49:52,47.0,13.599999999991395
775,04:00:00,22:49:53,1.0,-3.3999999999950736
776,04:00:00,22:49:59,6.0,3.3999999999950736
777,04:00:00,22:50:23,24.0,-10.199999999996322
778,04:00:00,22:50:31,8.0,3.3999999999950736
779,04:00:00,22:51:18,47.0,-6.799999999990147
780,04:00:00,22:51:31,13.0,3.3999999999950736
781,04:00:00,22:53:05,94.0,-8.324999999996528
782,04:00:00,22:53:14,9.0,3.3999999999950745
783,04:00:00,22:53:46,32.0,-1.874999999999794
784,04:00:00,22:53:51,5.0,3.4000000000061763
785,04:00:00,22:54:01,10.0,-3.4000000000061763
786,04:00:00,22:54:12,11.0,3.400000000006176
787,04:00:00,22:54:14,2.0,-3.400000000006176
788,04:00:00,22:54:22,8.0,3.4000000000061763
789,04:00:00,22:54:38,16.0,-3.4000000000061763
790,04:00:00,22:55:03,25.0,3.400000000006176
791,04:00:00,22:55:20,17.0,-3.400000000006176
792,04:00:00,22:55:35,15.0,1.874999999999794
793,04:00:00,22:56:46,71.0,-5.2749999999948685
794,04:00:00,22:56:56,10.0,3.3999999999950736
795,04:00:00,22:57:00,4.0,-3.3999999999950736
796,04:00:00,22:57:06,6.0,3.3999999999950736
797,04:00:00,22:57:13,7.0,-3.3999999999950736
798,04:00:00,22:57:20,7.0,3.3999999999950745
799,04:00:00,22:57:21,1.0,-3.3999999999950727
800,04:00:00,22:57:29,8.0,1.874999999999794
801,04:00:00,22:59:00,91.0,-5.275000000005971
802,04:00:00,22:59:18,18.0,3.4000000000061767
803,04:00:00,22:59:36,18.0,-3.4000000000061767
804,04:00:00,22:59:48,12.0,3.4000000000061767
805,04:00:00,23:01:40,112.0,-6.800000000001251
806,04:00:00,23:01:41,1.0,3.3999999999950745
807,04:00:00,23:02:54,73.0,-3.3999999999950745
808,04:00:00,23:03:02,8.0,3.3999999999950745
809,04:00:00,23:03:57,55.0,-6.800000000005415
810,04:00:00,23:05:09,72.0,6.8000000000054115
811,04:00:00,23:05:46,37.0,-6.800000000005415
812,04:00:00,23:06:25,39.0,3.4000000000103405
813,04:00:00,23:06:57,32.0,-3.4000000000103405
814,04:00:00,23:06:58,1.0,3.4000000000103405
815,04:00:00,23:07:52,54.0,-3.4000000000103405
816,04:00:00,23:08:50,58.0,3.4000000000103405
817,04:00:00,23:09:16,26.0,-3.4000000000103405
818,04:00:00,23:09:35,19.0,3.4000000000103405
819,04:00:00,23:09:43,8.0,-1.5249999999994444
820,04:00:00,23:11:04,81.0,1.5249999999994444
821,04:00:00,23:11:05,1.0,-3.400000000010337
822,04:00:00,23:11:19,14.0,3.4000000000103405
823,04:00:00,23:13:03,104.0,-3.4000000000103405
824,04:00:00,23:13:48,45.0,3.400000000010337
825,04:00:00,23:14:15,27.0,-57.80000000000228
826,04:00:00,23:14:16,1.0,3.400000000006173
827,04:00:00,23:14:17,1.0,-13.600000000002495
828,04:00:00,23:14:24,7.0,20.399999999992644
829,04:00:00,23:14:25,1.0,-6.799999999990149
830,04:00:00,23:14:26,1.0,6.799999999990149
831,04:00:00,23:14:30,4.0,-10.199999999996322
832,04:00:00,23:14:31,1.0,3.400000000006173
833,04:00:00,23:14:33,2.0,-3.400000000006173
834,04:00:00,23:14:43,10.0,3.400000000006173
835,04:00:00,23:14:48,5.0,-6.800000000012346
836,04:00:00,23:14:57,9.0,6.800000000012346
837,04:00:00,23:15:02,5.0,-10.200000000007421
838,04:00:00,23:15:06,4.0,6.8000000000012335
839,04:00:00,23:15:08,2.0,-3.400000000006173
840,04:00:00,23:15:10,2.0,3.400000000006173
841,04:00:00,23:15:21,11.0,-13.60000000000666
842,04:00:00,22:47:42,50.0,16.825000000000863
843,04:00:00,22:49:59,137.0,-3.5249999999889536
844,04:00:00,22:51:23,84.0,3.4249999999944047
845,04:00:00,22:51:31,8.0,-3.124999999999656
846,04:00:00,22:51:54,23.0,3.124999999999656
847,04:00:00,22:53:00,66.0,-3.025000000005107
848,04:00:00,22:53:05,5.0,3.2249999999942047
849,04:00:00,22:53:51,46.0,-3.2249999999942047
850,04:00:00,22:54:01,10.0,0.0999999999945489
851,04:00:00,22:55:03,62.0,-0.0999999999945489
852,04:00:00,22:55:35,32.0,3.124999999999656
853,04:00:00,22:56:46,71.0,-2.924999999999456
854,04:00:00,22:56:59,13.0,3.0249999999940047
855,04:00:00,22:57:20,21.0,-3.124999999999656
856,04:00:00,22:57:29,9.0,3.124999999999656
857,04:00:00,22:59:48,139.0,-3.0249999999940047
858,04:00:00,23:00:46,58.0,3.225000000012246
859,04:00:00,23:00:48,2.0,-3.1250000000065947
860,04:00:00,23:01:09,21.0,3.1250000000065947
861,04:00:00,23:01:41,32.0,-3.1250000000065947
862,04:00:00,23:01:44,3.0,3.1250000000065947
863,04:00:00,23:03:02,78.0,-3.1250000000065947
864,04:00:00,23:03:53,51.0,3.2250000000011436
865,04:00:00,23:04:00,7.0,-3.125000000006595
866,04:00:00,23:04:02,2.0,3.1250000000065947
867,04:00:00,23:04:03,1.0,-3.1250000000065947
868,04:00:00,23:04:05,2.0,3.1250000000065947
869,04:00:00,23:04:09,4.0,-3.2250000000011436
870,04:00:00,23:04:12,3.0,3.1250000000065947
871,04:00:00,23:05:09,57.0,-3.1250000000065947
872,04:00:00,23:05:42,33.0,3.2250000000011436
873,04:00:00,23:06:25,43.0,-3.125000000006595
874,04:00:00,23:06:44,19.0,3.1250000000065947
875,04:00:00,23:06:58,14.0,-3.125000000006595
876,04:00:00,23:07:04,6.0,3.1250000000065947
877,04:00:00,23:07:05,1.0,-3.1250000000065947
878,04:00:00,23:07:12,7.0,3.1250000000065947
879,04:00:00,23:08:50,98.0,-3.1250000000065947
880,04:00:00,23:09:17,27.0,3.1250000000065947
881,04:00:00,23:09:35,18.0,-3.1250000000065947
882,04:00:00,23:09:43,8.0,3.1250000000065947
883,04:00:00,23:11:04,81.0,-3.1250000000065947
884,04:00:00,23:11:18,14.0,3.125000000006595
885,04:00:00,23:11:19,1.0,-3.1250000000065947
886,04:00:00,23:11:39,20.0,3.1250000000065947
887,04:00:00,23:13:04,85.0,-3.125000000006595
888,04:00:00,23:13:09,5.0,3.1250000000065947
889,04:00:00,23:13:10,1.0,-3.1250000000065947
890,04:00:00,23:13:14,4.0,3.1250000000065947
891,04:00:00,23:13:48,34.0,-3.1250000000065947
892,04:00:00,23:13:55,7.0,3.4250000000013445
893,04:00:00,23:14:01,6.0,-3.124999999999656
894,04:00:00,23:14:17,16.0,1.7000000000030884
895,04:00:00,23:14:57,40.0,-0.40000000000039915
896,04:00:00,23:15:03,6.0,3.3249999999998563
897,04:00:00,23:15:10,7.0,-3.2249999999942047
898,04:00:00,23:15:21,11.0,0.3999999999851349
899,05:00:00,23:15:43,1.0,-1.5250000000063824
900,05:00:00,23:15:49,6.0,4.9250000000014555
901,05:00:00,23:15:55,6.0,-3.3999999999950736
902,05:00:00,23:16:29,34.0,10.19999999998522
903,05:00:00,23:16:30,1.0,-3.3999999999950736
904,05:00:00,23:16:32,2.0,10.200000000007424
905,05:00:00,23:16:43,11.0,-4.925000000001457
906,05:00:00,23:16:56,13.0,1.5249999999952806
907,05:00:00,23:17:09,13.0,-6.800000000001251
908,05:00:00,23:17:15,6.0,6.8000000000012495
909,05:00:00,23:17:17,2.0,-3.400000000006175
910,05:00:00,23:17:52,35.0,3.4000000000061767
911,05:00:00,23:18:05,13.0,-6.800000000001251
912,05:00:00,23:18:08,3.0,3.3999999999950745
913,05:00:00,23:18:51,43.0,-4.924999999990353
914,05:00:00,23:19:23,32.0,15.124999999997781
915,05:00:00,23:19:48,25.0,-16.999999999997577
916,05:00:00,23:20:07,19.0,6.799999999990147
917,05:00:00,23:20:15,8.0,-3.3999999999950736
918,05:00:00,23:20:21,6.0,3.3999999999950736
919,05:00:00,23:20:59,38.0,-16.99999999999757
920,05:00:00,23:21:11,12.0,6.800000000012352
921,05:00:00,23:21:26,15.0,-23.800000000002992
922,05:00:00,23:21:42,16.0,10.200000000000488
923,05:00:00,23:21:56,14.0,-6.800000000005413
924,05:00:00,23:22:14,18.0,6.800000000005415
925,05:00:00,23:22:39,25.0,-10.20000000000049
926,05:00:00,23:22:40,1.0,3.3999999999950745
927,05:00:00,23:22:49,9.0,-6.800000000001251
928,05:00:00,23:22:50,1.0,3.4000000000061767
929,05:00:00,23:23:03,13.0,-3.4000000000061767
930,05:00:00,23:23:04,1.0,3.4000000000061767
931,05:00:00,23:23:11,7.0,-3.4000000000061767
932,05:00:00,23:23:20,9.0,3.4000000000061767
933,05:00:00,23:23:33,13.0,-3.4000000000061767
934,05:00:00,23:23:37,4.0,3.4000000000061767
935,05:00:00,23:23:51,14.0,-3.4000000000061767
936,05:00:00,23:25:29,98.0,10.199999999996326
937,05:00:00,23:25:40,11.0,-3.3999999999950745
938,05:00:00,23:25:54,14.0,6.800000000005413
939,05:00:00,23:26:03,9.0,-3.4000000000103388
940,05:00:00,23:26:17,14.0,3.4000000000103388
941,05:00:00,23:26:50,33.0,-6.800000000005413
942,05:00:00,23:26:51,1.0,5.275000000005969
943,05:00:00,23:27:10,19.0,-1.8750000000108944
944,05:00:00,23:27:15,5.0,3.4000000000103388
945,05:00:00,23:27:16,1.0,-3.4000000000103388
946,05:00:00,23:27:18,2.0,3.4000000000103388
947,05:00:00,23:27:25,7.0,-3.4000000000103388
948,05:00:00,23:27:40,15.0,3.4000000000103405
949,05:00:00,23:28:10,30.0,-3.4000000000103405
950,05:00:00,23:28:51,41.0,6.8000000000054115
951,05:00:00,23:29:03,12.0,-6.8000000000054115
952,05:00:00,23:29:25,22.0,6.8000000000054115
953,05:00:00,23:29:38,13.0,-3.3999999999950745
954,05:00:00,23:30:13,35.0,6.799999999990149
955,05:00:00,23:31:03,50.0,-10.200000000000486
956,05:00:00,23:31:37,34.0,6.800000000005415
957,05:00:00,23:33:25,108.0,-20.399999999996812
958,05:00:00,23:33:45,20.0,10.199999999996326
959,05:00:00,23:34:04,19.0,-3.3999999999950745
960,05:00:00,23:34:22,18.0,6.799999999990149
961,05:00:00,23:35:27,65.0,-6.799999999990149
962,05:00:00,23:35:58,31.0,3.3999999999950745
963,05:00:00,23:36:13,15.0,-27.19999999999806
964,05:00:00,23:36:19,6.0,10.200000000000486
965,05:00:00,23:36:23,4.0,-6.800000000001248
966,05:00:00,23:36:29,6.0,3.400000000006173
967,05:00:00,23:36:37,8.0,-6.8000000000054115
968,05:00:00,23:36:43,6.0,3.3999999999992383
969,05:00:00,23:36:54,11.0,-3.3999999999992383
970,05:00:00,23:37:08,14.0,6.8000000000054115
971,05:00:00,23:37:38,30.0,-10.200000000000486
972,05:00:00,23:38:06,28.0,13.59999999999556
973,05:00:00,23:38:13,7.0,-3.3999999999950745
974,05:00:00,23:43:04,291.0,20.39999999999265
975,05:00:00,23:43:59,55.0,-3.3999999999950745
976,05:00:00,23:15:43,13.0,6.52499999999473
977,05:00:00,23:16:32,49.0,-3.625000000005708
978,05:00:00,23:16:43,11.0,3.225000000005307
979,05:00:00,23:16:56,13.0,-3.124999999999656
980,05:00:00,23:17:08,12.0,3.225000000005307
981,05:00:00,23:17:52,44.0,-3.225000000005307
982,05:00:00,23:17:59,7.0,3.225000000005307
983,05:00:00,23:18:08,9.0,-3.124999999999656
984,05:00:00,23:18:51,43.0,3.2249999999942047
985,05:00:00,23:19:23,32.0,-3.5249999999889536
986,05:00:00,23:19:52,29.0,3.5249999999889536
987,05:00:00,23:20:21,29.0,-3.2249999999942047
988,05:00:00,23:21:02,41.0,3.525000000000056
989,05:00:00,23:21:11,9.0,-3.225000000005307
990,05:00:00,23:21:26,15.0,0.7000000000020874
991,05:00:00,23:21:42,16.0,-0.30000000000168825
992,05:00:00,23:22:04,22.0,3.224999999990042
993,05:00:00,23:22:07,3.0,-3.224999999990042
994,05:00:00,23:22:13,6.0,3.1250000000065947
995,05:00:00,23:22:14,1.0,-3.1250000000065947
996,05:00:00,23:22:17,3.0,3.1250000000065947
997,05:00:00,23:22:40,23.0,-2.925000000010558
998,05:00:00,23:23:07,27.0,3.225000000005307
999,05:00:00,23:23:20,13.0,-3.124999999999656
1000,05:00:00,23:23:51,31.0,0.0999999999945489
1001,05:00:00,23:25:29,98.0,-0.30000000000585114
1002,05:00:00,23:25:41,12.0,3.124999999999656
1003,05:00:00,23:25:54,13.0,-3.224999999990042
1004,05:00:00,23:26:03,9.0,0.099999999990386
1005,05:00:00,23:26:17,14.0,-0.099999999990386
1006,05:00:00,23:26:51,34.0,3.1250000000065947
1007,05:00:00,23:27:18,27.0,-3.125000000006595
1008,05:00:00,23:27:28,10.0,3.1250000000065947
1009,05:00:00,23:27:40,12.0,-3.1250000000065947
1010,05:00:00,23:27:46,6.0,3.125000000006595
1011,05:00:00,23:28:51,65.0,-3.2250000000122463
1012,05:00:00,23:29:03,12.0,0.19999999999603713
1013,05:00:00,23:29:25,22.0,-0.19999999999603713
1014,05:00:00,23:29:38,13.0,0.10000000000565112
1015,05:00:00,23:30:13,35.0,-0.20000000000020002
1016,05:00:00,23:30:41,28.0,3.2250000000011436
1017,05:00:00,23:30:57,16.0,-3.0250000000009436
1018,05:00:00,23:31:07,10.0,3.125000000006595
1019,05:00:00,23:31:37,30.0,-3.225000000012246
1020,05:00:00,23:33:28,111.0,3.5250000000069948
1021,05:00:00,23:35:58,150.0,-3.225000000005307
1022,05:00:00,23:36:46,48.0,3.8249999999948052
1023,05:00:00,23:37:08,22.0,-3.2249999999942047
1024,05:00:00,23:37:38,30.0,0.30000000000168825
1025,05:00:00,23:43:04,326.0,-0.9000000000022883
1026,05:00:00,23:43:59,55.0,0.10000000000565112
1027,05:00:00,23:44:10,11.0,3.0249999999940047
1028,06:00:00,23:46:35,58.0,-10.199999999996322
1029,06:00:00,23:46:37,2.0,3.3999999999950736
1030,06:00:00,23:47:17,40.0,-6.80000000000125
1031,06:00:00,23:47:39,22.0,3.4000000000061767
1032,06:00:00,23:48:32,53.0,-6.800000000001251
1033,06:00:00,23:48:35,3.0,6.800000000001251
1034,06:00:00,23:48:38,3.0,-3.4000000000061767
1035,06:00:00,23:48:39,1.0,3.4000000000061767
1036,06:00:00,23:49:20,41.0,-3.4000000000061767
1037,06:00:00,23:49:54,34.0,6.80000000000125
1038,06:00:00,23:50:03,9.0,-3.3999999999950736
1039,06:00:00,23:50:35,32.0,6.8000000000012495
1040,06:00:00,23:50:50,15.0,-6.8000000000012495
1041,06:00:00,23:50:52,2.0,3.3999999999950736
1042,06:00:00,23:51:48,56.0,-6.80000000000125
1043,06:00:00,23:54:09,141.0,10.200000000007426
1044,06:00:00,23:54:43,34.0,-6.8000000000012495
1045,06:00:00,23:54:52,9.0,3.3999999999950736
1046,06:00:00,23:55:08,16.0,-3.3999999999950736
1047,06:00:00,23:56:49,101.0,3.3999999999950745
1048,06:00:00,23:57:24,35.0,-3.3999999999950745
1049,06:00:00,23:58:58,94.0,5.274999999994867
1050,06:00:00,00:00:38,100.0,-1.874999999999794
1051,06:00:00,00:00:52,14.0,3.4000000000061763
1052,06:00:00,00:01:00,8.0,-1.5250000000063824
1053,06:00:00,00:01:22,22.0,1.5250000000063824
1054,06:00:00,00:01:23,1.0,-3.4000000000061763
1055,06:00:00,00:02:33,70.0,6.8000000000012495
1056,06:00:00,00:05:55,202.0,-10.199999999996322
1057,06:00:00,00:09:02,187.0,6.8000000000012495
1058,06:00:00,00:09:03,1.0,-3.4000000000061763
1059,06:00:00,00:10:27,84.0,3.4000000000061763
1060,06:00:00,00:11:24,57.0,-3.4000000000061763
1061,06:00:00,23:46:41,65.0,6.725000000006032
1062,06:00:00,23:47:39,58.0,-3.025000000005107
1063,06:00:00,23:48:25,46.0,3.225000000005307
1064,06:00:00,23:51:06,161.0,-3.324999999999856
1065,06:00:00,23:51:30,24.0,3.2249999999942047
1066,06:00:00,23:54:09,159.0,-3.3249999999887536
1067,06:00:00,23:54:43,34.0,0.1999999999890978
1068,06:00:00,23:54:52,9.0,-0.0999999999945489
1069,06:00:00,23:55:08,16.0,0.0999999999945489
1070,06:00:00,23:56:49,101.0,-0.0999999999945489
1071,06:00:00,23:57:24,35.0,0.0999999999945489
1072,06:00:00,00:02:33,309.0,-0.2999999999947489
1073,06:00:00,00:05:55,202.0,0.2999999999947489
1074,06:00:00,00:10:51,296.0,2.925000000010558
1075,07:00:00,00:14:09,5.0,-3.400000000006176
1076,07:00:00,00:14:48,39.0,3.400000000006176
1077,07:00:00,00:15:13,25.0,-3.400000000006176
1078,07:00:00,00:17:25,132.0,10.199999999996322
1079,07:00:00,00:17:34,9.0,-3.3999999999950736
1080,07:00:00,00:18:52,78.0,3.3999999999950736
1081,07:00:00,00:19:11,19.0,-3.3999999999950736
1082,07:00:00,00:19:32,21.0,1.874999999999793
1083,07:00:00,00:19:40,8.0,-1.8749999999997935
1084,07:00:00,00:20:30,50.0,3.399999999995074
1085,07:00:00,00:20:49,19.0,-1.5249999999952806
1086,07:00:00,00:21:00,11.0,4.925000000005619
1087,07:00:00,00:23:40,160.0,-3.4000000000103405
1088,07:00:00,00:23:54,14.0,1.8750000000108962
1089,07:00:00,00:25:38,104.0,-1.8750000000108962
1090,07:00:00,00:25:50,12.0,3.4000000000103405
1091,07:00:00,00:30:06,256.0,-13.600000000006661
1092,07:00:00,00:30:23,17.0,3.400000000006176
1093,07:00:00,00:30:29,6.0,-3.400000000006176
1094,07:00:00,00:31:15,46.0,6.8000000000012495
1095,07:00:00,00:35:14,239.0,-10.199999999996322
1096,07:00:00,00:36:45,91.0,6.8000000000012495
1097,07:00:00,00:37:29,44.0,-6.8000000000012495
1098,07:00:00,00:37:35,6.0,3.399999999995074
1099,07:00:00,00:37:57,22.0,-4.924999999990355
1100,07:00:00,00:38:21,24.0,1.5249999999952806
1101,07:00:00,00:38:36,15.0,-3.4000000000061767
1102,07:00:00,00:38:47,11.0,1.8750000000108962
1103,07:00:00,00:38:57,10.0,-1.8750000000108962
1104,07:00:00,00:39:09,12.0,3.4000000000061767
1105,07:00:00,00:40:08,59.0,-3.4000000000061767
1106,07:00:00,00:14:14,53.0,6.525000000005832
1107,07:00:00,00:14:16,2.0,-3.124999999999656
1108,07:00:00,00:14:18,2.0,3.124999999999656
1109,07:00:00,00:14:48,30.0,-3.124999999999656
1110,07:00:00,00:15:13,25.0,0.0999999999945489
1111,07:00:00,00:17:21,128.0,-0.30000000000585114
1112,07:00:00,00:17:22,1.0,3.124999999999656
1113,07:00:00,00:18:52,90.0,-3.124999999999656
1114,07:00:00,00:19:32,40.0,3.124999999999656
1115,07:00:00,00:20:30,58.0,-3.124999999999656
1116,07:00:00,00:20:49,19.0,3.124999999999656
1117,07:00:00,00:21:00,11.0,-3.224999999990042
1118,07:00:00,00:21:01,1.0,3.1250000000065947
1119,07:00:00,00:23:40,159.0,-3.025000000016209
1120,07:00:00,00:23:54,14.0,3.025000000016209
1121,07:00:00,00:25:50,116.0,-3.1250000000065947
1122,07:00:00,00:30:06,256.0,0.39999999999623714
1123,07:00:00,00:31:15,69.0,-0.20000000000020002
1124,07:00:00,00:31:28,13.0,3.124999999999656
1125,07:00:00,00:33:08,100.0,-3.0249999999940047
1126,07:00:00,00:35:14,126.0,0.1999999999890978
1127,07:00:00,00:36:45,91.0,-0.1999999999890978
1128,07:00:00,00:37:33,48.0,3.2249999999942047
1129,07:00:00,00:37:35,2.0,-3.124999999999656
1130,07:00:00,00:37:40,5.0,3.124999999999656
1131,07:00:00,00:37:56,16.0,-3.025000000005107
1132,07:00:00,00:37:57,1.0,3.124999999999656
1133,07:00:00,00:38:21,24.0,-3.124999999999656
1134,07:00:00,00:38:27,6.0,3.124999999999656
1135,07:00:00,00:38:36,9.0,-3.0249999999940047
1136,07:00:00,00:38:47,11.0,3.0249999999940047
1137,07:00:00,00:39:09,22.0,-3.124999999999656
1138,07:00:00,00:39:35,26.0,3.124999999999656
1139,07:00:00,00:40:30,55.0,-3.124999999999656
1140,07:00:00,00:40:35,5.0,3.124999999999656
1141,07:00:00,00:40:39,4.0,-3.124999999999656
1142,07:00:00,00:40:40,1.0,3.124999999999656
1143,07:00:00,00:40:49,9.0,-3.124999999999656
1144,08:00:00,00:43:08,41.0,-1.5249999999952801
1145,08:00:00,00:43:18,10.0,1.5249999999952801
1146,08:00:00,00:44:14,56.0,-6.8000000000012495
1147,08:00:00,00:44:15,1.0,3.3999999999950736
1148,08:00:00,00:44:19,4.0,-6.799999999990146
1149,08:00:00,00:44:30,11.0,3.3999999999950736
1150,08:00:00,00:44:58,28.0,-3.3999999999950736
1151,08:00:00,00:47:52,174.0,5.2749999999948685
1152,08:00:00,00:49:19,87.0,-1.874999999999794
1153,08:00:00,00:54:49,330.0,6.8000000000012495
1154,08:00:00,00:55:34,45.0,-3.400000000006176
1155,08:00:00,00:56:46,72.0,5.275000000005969
1156,08:00:00,00:59:53,187.0,-1.8749999999997935
1157,08:00:00,01:00:02,9.0,3.3999999999950736
1158,08:00:00,01:00:39,37.0,-3.3999999999950736
1159,08:00:00,01:00:46,7.0,3.3999999999950736
1160,08:00:00,01:03:30,164.0,-10.199999999996322
1161,08:00:00,01:03:37,7.0,3.399999999995074
1162,08:00:00,01:03:42,5.0,-1.5249999999952801
1163,08:00:00,01:03:58,16.0,1.5249999999952801
1164,08:00:00,01:04:12,14.0,-3.399999999995074
1165,08:00:00,01:04:24,12.0,3.399999999995074
1166,08:00:00,01:05:12,48.0,-6.799999999990149
1167,08:00:00,01:05:13,1.0,3.3999999999950736
1168,08:00:00,01:06:18,65.0,-6.80000000000125
1169,08:00:00,01:06:48,30.0,3.4000000000061767
1170,08:00:00,01:06:55,7.0,-3.4000000000061767
1171,08:00:00,01:07:06,11.0,6.80000000000125
1172,08:00:00,01:08:10,64.0,-6.80000000000125
1173,08:00:00,01:08:13,3.0,3.4000000000061767
1174,08:00:00,01:09:30,77.0,-3.4000000000061767
1175,08:00:00,01:09:37,7.0,3.4000000000061767
1176,08:00:00,01:09:42,5.0,-3.4000000000061767
1177,08:00:00,01:09:54,12.0,3.4000000000061767
1178,08:00:00,01:09:55,1.0,-3.4000000000061767
1179,08:00:00,00:43:08,55.0,6.525000000005832
1180,08:00:00,00:43:18,10.0,-3.124999999999656
1181,08:00:00,00:44:03,45.0,3.225000000005307
1182,08:00:00,00:44:30,27.0,-3.0249999999940047
1183,08:00:00,00:45:02,32.0,3.124999999999656
1184,08:00:00,00:54:49,587.0,-3.325000000010958
1185,08:00:00,00:55:52,63.0,3.124999999999656
1186,08:00:00,01:00:02,250.0,-3.2249999999942047
1187,08:00:00,01:00:39,37.0,0.0999999999945489
1188,08:00:00,01:00:46,7.0,-0.0999999999945489
1189,08:00:00,01:00:57,11.0,3.124999999999656
1190,08:00:00,01:03:06,129.0,-3.025000000005107
1191,08:00:00,01:03:12,6.0,3.225000000005307
1192,08:00:00,01:03:37,25.0,-3.124999999999656
1193,08:00:00,01:03:42,5.0,3.124999999999656
1194,08:00:00,01:03:58,16.0,-3.124999999999656
1195,08:00:00,01:04:15,17.0,3.124999999999656
1196,08:00:00,01:04:24,9.0,-3.124999999999656
1197,08:00:00,01:06:18,114.0,0.2999999999947489
1198,08:00:00,01:07:06,48.0,-0.1999999999890978
1199,08:00:00,01:07:37,31.0,3.2249999999942047
1200,08:00:00,01:08:13,36.0,-3.124999999999656
1201,08:00:00,01:08:18,5.0,3.124999999999656
1202,08:00:00,01:08:20,2.0,-3.124999999999656
1203,08:00:00,01:08:27,7.0,3.124999999999656
1204,08:00:00,01:08:28,1.0,-3.124999999999656
1205,08:00:00,01:08:37,9.0,3.124999999999656
1206,08:00:00,01:09:37,60.0,-3.124999999999656
1207,08:00:00,01:09:51,14.0,3.124999999999656
1208,08:00:00,01:10:06,15.0,-3.124999999999656
1209,09:00:00,01:10:39,7.0,3.3999999999950736
1210,09:00:00,01:11:57,78.0,-3.3999999999950736
1211,09:00:00,01:11:59,2.0,3.3999999999950736
1212,09:00:00,01:12:04,5.0,-3.3999999999950736
1213,09:00:00,01:12:05,1.0,3.3999999999950736
1214,09:00:00,01:13:50,105.0,-6.8000000000012495
1215,09:00:00,01:13:53,3.0,3.400000000006176
1216,09:00:00,01:14:07,14.0,-3.400000000006176
1217,09:00:00,01:15:29,82.0,5.274999999994867
1218,09:00:00,01:16:29,60.0,-1.8749999999886913
1219,09:00:00,01:16:32,3.0,3.3999999999950736
1220,09:00:00,01:16:49,17.0,-3.3999999999950736
1221,09:00:00,01:16:56,7.0,3.3999999999950736
1222,09:00:00,01:20:39,223.0,-3.3999999999950736
1223,09:00:00,01:20:40,1.0,3.3999999999950736
1224,09:00:00,01:24:09,209.0,-4.9250000000014555
1225,09:00:00,01:24:30,21.0,1.5250000000063824
1226,09:00:00,01:25:26,56.0,-13.600000000006663
1227,09:00:00,01:25:29,3.0,3.4000000000061767
1228,09:00:00,01:25:32,3.0,-3.4000000000061767
1229,09:00:00,01:27:14,102.0,10.20000000000049
1230,09:00:00,01:27:46,32.0,-13.600000000006665
1231,09:00:00,01:29:12,86.0,6.8000000000123535
1232,09:00:00,01:29:16,4.0,-3.4000000000061767
1233,09:00:00,01:29:17,1.0,3.4000000000061767
1234,09:00:00,01:30:09,52.0,-3.4000000000061767
1235,09:00:00,01:30:19,10.0,3.4000000000061767
1236,09:00:00,01:30:47,28.0,-13.600000000002503
1237,09:00:00,01:30:52,5.0,3.3999999999950745
1238,09:00:00,01:30:58,6.0,-3.3999999999950745
1239,09:00:00,01:32:01,63.0,6.799999999990149
1240,09:00:00,01:33:13,72.0,-3.3999999999950745
1241,09:00:00,01:33:28,15.0,3.3999999999950745
1242,09:00:00,01:33:58,30.0,-6.799999999990149
1243,09:00:00,01:34:02,4.0,3.3999999999950745
1244,09:00:00,01:34:07,5.0,-3.3999999999950745
1245,09:00:00,01:34:48,41.0,3.3999999999950745
1246,09:00:00,01:35:00,12.0,-6.799999999990149
1247,09:00:00,01:35:02,2.0,3.3999999999950745
1248,09:00:00,01:35:20,18.0,-3.3999999999950745
1249,09:00:00,01:35:33,13.0,3.3999999999950745
1250,09:00:00,01:35:37,4.0,-3.3999999999950745
1251,09:00:00,01:35:38,1.0,3.3999999999950745
1252,09:00:00,01:35:39,1.0,-3.3999999999950745
1253,09:00:00,01:35:42,3.0,3.3999999999950745
1254,09:00:00,01:37:04,82.0,-3.3999999999950745
1255,09:00:00,01:37:27,23.0,6.799999999990149
1256,09:00:00,01:37:31,4.0,-3.3999999999950745
1257,09:00:00,01:11:01,71.0,9.824999999995256
1258,09:00:00,01:12:05,64.0,-3.124999999999656
1259,09:00:00,01:12:06,1.0,3.124999999999656
1260,09:00:00,01:13:53,107.0,-3.025000000005107
1261,09:00:00,01:14:06,13.0,3.124999999999656
1262,09:00:00,01:14:35,29.0,-3.124999999999656
1263,09:00:00,01:14:36,1.0,3.124999999999656
1264,09:00:00,01:16:32,116.0,-3.2249999999942047
1265,09:00:00,01:16:43,11.0,3.124999999999656
1266,09:00:00,01:16:56,13.0,-3.124999999999656
1267,09:00:00,01:17:11,15.0,3.124999999999656
1268,09:00:00,01:20:40,209.0,-3.124999999999656
1269,09:00:00,01:20:48,8.0,3.124999999999656
1270,09:00:00,01:24:05,197.0,-3.025000000005107
1271,09:00:00,01:24:09,4.0,3.124999999999656
1272,09:00:00,01:24:30,21.0,-3.124999999999656
1273,09:00:00,01:25:03,33.0,3.425000000001344
1274,09:00:00,01:26:44,101.0,-3.2249999999942047
1275,09:00:00,01:27:02,18.0,3.024999999987066
1276,09:00:00,01:27:14,12.0,-3.124999999999656
1277,09:00:00,01:27:51,37.0,3.425000000001344
1278,09:00:00,01:29:17,86.0,-3.2249999999942047
1279,09:00:00,01:30:09,52.0,0.0999999999945489
1280,09:00:00,01:30:19,10.0,-0.0999999999945489
1281,09:00:00,01:30:20,1.0,3.124999999999656
1282,09:00:00,01:30:34,14.0,-3.025000000005107
1283,09:00:00,01:30:58,24.0,0.30000000000585114
1284,09:00:00,01:31:56,58.0,-0.20000000000020002
1285,09:00:00,01:32:05,9.0,3.124999999999656
1286,09:00:00,01:33:28,83.0,-3.124999999999656
1287,09:00:00,01:34:16,48.0,3.225000000005307
1288,09:00:00,01:34:48,32.0,-3.124999999999656
1289,09:00:00,01:35:11,23.0,3.2249999999942047
1290,09:00:00,01:35:42,31.0,-3.124999999999656
1291,09:00:00,01:35:49,7.0,3.124999999999656
1292,09:00:00,01:38:13,144.0,-3.324999999999856
1293,10:00:00,01:40:25,3.0,3.3999999999950736
1294,10:00:00,01:40:31,6.0,-1.5249999999952801
1295,10:00:00,01:41:24,53.0,4.9250000000014555
1296,10:00:00,01:41:30,6.0,-3.400000000006176
1297,10:00:00,01:42:00,30.0,3.400000000006176
1298,10:00:00,01:45:04,184.0,-13.599999999991395
1299,10:00:00,01:45:53,49.0,6.799999999990147
1300,10:00:00,01:47:21,88.0,-3.3999999999950736
1301,10:00:00,01:47:33,12.0,3.3999999999950736
1302,10:00:00,01:47:46,13.0,-3.3999999999950736
1303,10:00:00,01:48:52,66.0,6.799999999990147
1304,10:00:00,01:48:54,2.0,-3.3999999999950736
1305,10:00:00,01:48:55,1.0,3.3999999999950736
1306,10:00:00,01:49:01,6.0,-1.5249999999952801
1307,10:00:00,01:49:13,12.0,3.4000000000061754
1308,10:00:00,01:49:32,19.0,-1.8750000000108957
1309,10:00:00,01:49:44,12.0,3.4000000000061763
1310,10:00:00,01:51:40,116.0,-3.400000000006176
1311,10:00:00,01:51:41,1.0,3.400000000006176
1312,10:00:00,01:51:57,16.0,-1.5249999999952806
1313,10:00:00,01:52:30,33.0,4.9250000000014555
1314,10:00:00,01:52:33,3.0,-3.400000000006176
1315,10:00:00,01:52:34,1.0,3.400000000006176
1316,10:00:00,01:52:59,25.0,-6.800000000012353
1317,10:00:00,01:53:30,31.0,6.800000000012353
1318,10:00:00,01:54:07,37.0,-3.4000000000061767
1319,10:00:00,01:54:28,21.0,5.274999999999032
1320,10:00:00,01:54:51,23.0,-5.274999999999031
1321,10:00:00,01:54:58,7.0,3.400000000006176
1322,10:00:00,01:56:06,68.0,-6.8000000000123535
1323,10:00:00,01:56:22,16.0,6.8000000000123535
1324,10:00:00,01:56:39,17.0,-1.5250000000063828
1325,10:00:00,01:56:59,20.0,4.925000000001457
1326,10:00:00,01:57:28,29.0,-4.925000000001457
1327,10:00:00,01:58:36,68.0,1.5250000000063828
1328,10:00:00,01:59:02,26.0,-3.4000000000061767
1329,10:00:00,01:59:17,15.0,3.4000000000061767
1330,10:00:00,01:59:56,39.0,-6.800000000012353
1331,10:00:00,01:59:57,1.0,3.400000000006176
1332,10:00:00,02:00:40,43.0,-6.8000000000012495
1333,10:00:00,02:00:51,11.0,3.3999999999950736
1334,10:00:00,02:01:37,46.0,-6.799999999990147
1335,10:00:00,02:02:07,30.0,6.799999999990147
1336,10:00:00,02:02:10,3.0,-3.3999999999950736
1337,10:00:00,02:02:11,1.0,3.3999999999950736
1338,10:00:00,02:02:48,37.0,-6.799999999990147
1339,10:00:00,02:02:51,3.0,3.3999999999950736
1340,10:00:00,02:03:16,25.0,-3.3999999999950736
1341,10:00:00,02:03:42,26.0,3.3999999999950736
1342,10:00:00,02:04:03,21.0,-3.3999999999950736
1343,10:00:00,02:04:17,14.0,5.274999999994867
1344,10:00:00,02:04:35,18.0,-1.8749999999997935
1345,10:00:00,02:05:48,73.0,10.200000000007426
1346,10:00:00,02:06:16,28.0,-3.4000000000061767
1347,10:00:00,02:06:20,4.0,3.4000000000061767
1348,10:00:00,02:07:26,66.0,-3.400000000006176
1349,10:00:00,02:07:45,19.0,3.400000000006176
1350,10:00:00,01:40:25,5.0,-1.625000000012034
1351,10:00:00,01:40:31,6.0,3.124999999999656
1352,10:00:00,01:41:00,29.0,-3.124999999999656
1353,10:00:00,01:41:05,5.0,3.124999999999656
1354,10:00:00,01:42:00,55.0,-3.225000000005307
1355,10:00:00,01:42:01,1.0,3.124999999999656
1356,10:00:00,01:44:54,173.0,-3.0249999999940047
1357,10:00:00,01:45:02,8.0,3.324999999999856
1358,10:00:00,01:45:53,51.0,-3.2249999999942047
1359,10:00:00,01:45:57,4.0,3.124999999999656
1360,10:00:00,01:47:33,96.0,-3.124999999999656
1361,10:00:00,01:47:46,13.0,0.0999999999945489
1362,10:00:00,01:48:55,69.0,-0.20000000000020002
1363,10:00:00,01:49:01,6.0,3.124999999999656
1364,10:00:00,01:49:44,43.0,-3.225000000005307
1365,10:00:00,01:51:57,133.0,3.124999999999656
1366,10:00:00,01:52:34,37.0,-3.2249999999942047
1367,10:00:00,01:52:59,25.0,0.20000000000020002
1368,10:00:00,01:53:30,31.0,-0.20000000000020002
1369,10:00:00,01:53:46,16.0,3.124999999999656
1370,10:00:00,01:54:58,72.0,-3.124999999999656
1371,10:00:00,01:55:00,2.0,3.124999999999656
1372,10:00:00,01:55:12,12.0,-3.025000000005107
1373,10:00:00,01:55:14,2.0,3.124999999999656
1374,10:00:00,01:55:22,8.0,-3.124999999999656
1375,10:00:00,01:55:24,2.0,3.124999999999656
1376,10:00:00,01:56:22,58.0,-3.2249999999942047
1377,10:00:00,01:56:28,6.0,3.124999999999656
1378,10:00:00,01:56:37,9.0,-3.124999999999656
1379,10:00:00,01:56:39,2.0,3.124999999999656
1380,10:00:00,01:56:59,20.0,-3.2249999999942047
1381,10:00:00,01:57:01,2.0,3.124999999992717
1382,10:00:00,01:57:27,26.0,-3.024999999998168
1383,10:00:00,01:57:28,1.0,3.124999999999656
1384,10:00:00,01:58:36,68.0,-3.124999999999656
1385,10:00:00,01:58:52,16.0,3.124999999999656
1386,10:00:00,01:59:08,16.0,-3.124999999999656
1387,10:00:00,01:59:11,3.0,3.124999999999656
1388,10:00:00,01:59:17,6.0,-3.124999999999656
1389,10:00:00,01:59:28,11.0,3.124999999999656
1390,10:00:00,01:59:51,23.0,-3.025000000005107
1391,10:00:00,02:00:01,10.0,3.124999999999656
1392,10:00:00,02:00:51,50.0,-3.0249999999940047
1393,10:00:00,02:01:38,47.0,3.225000000005307
1394,10:00:00,02:02:07,29.0,-3.225000000005307
1395,10:00:00,02:02:12,5.0,3.124999999999656
1396,10:00:00,02:02:49,37.0,-3.0249999999940047
1397,10:00:00,02:02:57,8.0,3.124999999999656
1398,10:00:00,02:03:42,45.0,-3.124999999999656
1399,10:00:00,02:04:03,21.0,0.0999999999945489
1400,10:00:00,02:05:48,105.0,-0.40000000000040004
1401,10:00:00,02:06:02,14.0,3.124999999999656
1402,10:00:00,02:06:20,18.0,-3.124999999999656
1403,10:00:00,02:07:26,66.0,0.0999999999945489
1404,10:00:00,02:07:45,19.0,-0.0999999999945489
1405,11:00:00,02:08:02,9.0,-1.8749999999997935
1406,11:00:00,02:08:15,13.0,1.8749999999997935
1407,11:00:00,02:08:26,11.0,-1.8749999999997935
1408,11:00:00,02:08:27,1.0,3.400000000006176
1409,11:00:00,02:08:51,24.0,-6.800000000012351
1410,11:00:00,02:10:00,69.0,3.400000000006176
1411,11:00:00,02:10:45,45.0,-6.800000000001249
1412,11:00:00,02:11:11,26.0,6.80000000000125
1413,11:00:00,02:11:20,9.0,-3.400000000006176
1414,11:00:00,02:11:40,20.0,6.800000000012352
1415,11:00:00,02:11:42,2.0,-3.400000000006176
1416,11:00:00,02:11:56,14.0,3.400000000006176
1417,11:00:00,02:12:03,7.0,-10.200000000007426
1418,11:00:00,02:12:49,46.0,3.3999999999950745
1419,11:00:00,02:12:50,1.0,-3.3999999999950745
1420,11:00:00,02:12:51,1.0,3.3999999999950736
1421,11:00:00,02:13:14,23.0,-6.799999999990148
1422,11:00:00,02:13:21,7.0,6.799999999990148
1423,11:00:00,02:13:48,27.0,-6.799999999990148
1424,11:00:00,02:14:36,48.0,6.799999999990148
1425,11:00:00,02:14:48,12.0,-3.3999999999950736
1426,11:00:00,02:15:16,28.0,3.3999999999950745
1427,11:00:00,02:15:47,31.0,-3.3999999999950745
1428,11:00:00,02:16:23,36.0,3.3999999999950736
1429,11:00:00,02:17:23,60.0,-6.799999999990148
1430,11:00:00,02:17:52,29.0,3.3999999999950745
1431,11:00:00,02:17:57,5.0,-3.3999999999950745
1432,11:00:00,02:19:39,102.0,10.199999999996324
1433,11:00:00,02:19:40,1.0,-3.400000000006176
1434,11:00:00,02:20:02,22.0,6.800000000012352
1435,11:00:00,02:20:08,6.0,-3.400000000006176
1436,11:00:00,02:20:10,2.0,3.400000000006176
1437,11:00:00,02:20:31,21.0,-3.400000000006176
1438,11:00:00,02:20:34,3.0,3.400000000006176
1439,11:00:00,02:20:57,23.0,-10.200000000007424
1440,11:00:00,02:20:58,1.0,3.3999999999950736
1441,11:00:00,02:20:59,1.0,-3.3999999999950736
1442,11:00:00,02:21:44,45.0,6.80000000000125
1443,11:00:00,02:21:57,13.0,-3.400000000006176
1444,11:00:00,02:22:04,7.0,6.800000000012352
1445,11:00:00,02:22:24,20.0,-3.400000000006176
1446,11:00:00,02:22:34,10.0,3.400000000006176
1447,11:00:00,02:23:16,42.0,-3.400000000006176
1448,11:00:00,02:23:38,22.0,3.400000000006176
1449,11:00:00,02:24:27,49.0,-6.800000000012352
1450,11:00:00,02:25:49,82.0,13.600000000006663
1451,11:00:00,02:25:50,1.0,-3.3999999999992365
1452,11:00:00,02:25:53,3.0,3.3999999999992365
1453,11:00:00,02:27:27,94.0,-3.3999999999992365
1454,11:00:00,02:27:51,24.0,6.800000000005413
1455,11:00:00,02:27:58,7.0,-3.4000000000061767
1456,11:00:00,02:28:13,15.0,3.4000000000061767
1457,11:00:00,02:29:04,51.0,-6.800000000005413
1458,11:00:00,02:29:39,35.0,17.000000000001734
1459,11:00:00,02:30:01,22.0,-10.199999999996326
1460,11:00:00,02:30:21,20.0,6.799999999990149
1461,11:00:00,02:30:23,2.0,-3.3999999999950745
1462,11:00:00,02:30:42,19.0,6.800000000001251
1463,11:00:00,02:30:50,8.0,-3.4000000000061767
1464,11:00:00,02:30:58,8.0,3.4000000000061767
1465,11:00:00,02:31:28,30.0,-6.800000000001251
1466,11:00:00,02:31:38,10.0,3.3999999999950745
1467,11:00:00,02:31:40,2.0,-3.3999999999950745
1468,11:00:00,02:31:43,3.0,3.3999999999950745
1469,11:00:00,02:31:45,2.0,-3.3999999999950745
1470,11:00:00,02:32:39,54.0,6.800000000001251
1471,11:00:00,02:33:00,21.0,-6.800000000001251
1472,11:00:00,02:33:06,6.0,3.3999999999950745
1473,11:00:00,02:33:24,18.0,-3.3999999999950745
1474,11:00:00,02:33:47,23.0,3.3999999999950745
1475,11:00:00,02:34:17,30.0,-6.799999999990149
1476,11:00:00,02:35:04,47.0,3.3999999999950745
1477,11:00:00,02:35:12,8.0,-3.3999999999950745
1478,11:00:00,02:35:14,2.0,3.3999999999950745
1479,11:00:00,02:35:39,25.0,-3.3999999999950745
1480,11:00:00,02:35:44,5.0,3.3999999999950745
1481,11:00:00,02:36:01,17.0,-3.3999999999950745
1482,11:00:00,02:36:05,4.0,3.3999999999950745
1483,11:00:00,02:36:06,1.0,-3.3999999999950745
1484,11:00:00,02:36:31,25.0,3.3999999999950745
1485,11:00:00,02:08:02,9.0,-3.025000000005107
1486,11:00:00,02:08:15,13.0,3.025000000005107
1487,11:00:00,02:10:00,105.0,-3.025000000005107
1488,11:00:00,02:10:54,54.0,3.225000000005307
1489,11:00:00,02:11:11,17.0,-3.225000000005307
1490,11:00:00,02:11:25,14.0,3.124999999999656
1491,11:00:00,02:12:51,86.0,-3.0249999999940047
1492,11:00:00,02:13:14,23.0,0.20000000000020002
1493,11:00:00,02:13:21,7.0,-0.20000000000020002
1494,11:00:00,02:13:30,9.0,3.225000000005307
1495,11:00:00,02:13:37,7.0,-3.124999999999656
1496,11:00:00,02:13:48,11.0,0.0999999999945489
1497,11:00:00,02:14:36,48.0,-0.20000000000020002
1498,11:00:00,02:14:53,17.0,3.124999999999656
1499,11:00:00,02:15:16,23.0,-3.124999999999656
1500,11:00:00,02:15:47,31.0,0.10000000000565112
1501,11:00:00,02:16:23,36.0,-0.10000000000565112
1502,11:00:00,02:17:23,60.0,0.20000000000020002
1503,11:00:00,02:20:34,191.0,-0.40000000000040004
1504,11:00:00,02:21:01,27.0,3.324999999999856
1505,11:00:00,02:21:44,43.0,-3.225000000005307
1506,11:00:00,02:21:57,13.0,0.10000000000565112
1507,11:00:00,02:22:04,7.0,-0.20000000000020002
1508,11:00:00,02:22:24,20.0,0.0999999999945489
1509,11:00:00,02:23:38,74.0,-0.0999999999945489
1510,11:00:00,02:24:27,49.0,0.20000000000020002
1511,11:00:00,02:25:53,86.0,-0.4000000000073394
1512,11:00:00,02:25:56,3.0,3.1249999999996563
1513,11:00:00,02:28:13,137.0,-3.224999999994205
1514,11:00:00,02:29:04,51.0,0.20000000000713936
1515,11:00:00,02:29:39,35.0,-0.5000000000129905
1516,11:00:00,02:30:01,22.0,0.30000000000585114
1517,11:00:00,02:30:58,57.0,-0.30000000000585114
1518,11:00:00,02:31:45,47.0,0.20000000001130225
1519,11:00:00,02:33:06,81.0,-0.10000000000565112
1520,11:00:00,02:33:24,18.0,0.10000000000565112
1521,11:00:00,02:35:14,110.0,0.0
1522,11:00:00,02:36:06,52.0,0.0999999999945489
1523,11:00:00,02:36:32,26.0,0.0
1524,12:00:00,02:37:06,4.0,-3.400000000006176
1525,12:00:00,02:37:07,1.0,3.400000000006176
1526,12:00:00,02:39:10,123.0,-6.800000000005412
1527,12:00:00,02:39:11,1.0,3.3999999999992365
1528,12:00:00,02:39:27,16.0,-3.3999999999992365
1529,12:00:00,02:41:25,118.0,6.800000000005412
1530,12:00:00,02:42:57,92.0,-13.600000000006663
1531,12:00:00,02:43:10,13.0,3.4000000000061767
1532,12:00:00,02:43:11,1.0,-3.4000000000061767
1533,12:00:00,02:43:40,29.0,3.4000000000061767
1534,12:00:00,02:43:59,19.0,-3.4000000000061767
1535,12:00:00,02:44:00,1.0,3.4000000000061767
1536,12:00:00,02:44:20,20.0,-3.4000000000061767
1537,12:00:00,02:44:26,6.0,3.4000000000061767
1538,12:00:00,02:44:40,14.0,-3.4000000000061767
1539,12:00:00,02:45:28,48.0,10.200000000000486
1540,12:00:00,02:45:33,5.0,-3.3999999999992365
1541,12:00:00,02:45:47,14.0,3.3999999999992365
1542,12:00:00,02:46:10,23.0,-3.3999999999992365
1543,12:00:00,02:46:11,1.0,3.3999999999992365
1544,12:00:00,02:46:13,2.0,-3.3999999999992365
1545,12:00:00,02:46:15,2.0,3.399999999999237
1546,12:00:00,02:46:22,7.0,-3.399999999999236
1547,12:00:00,02:46:26,4.0,3.399999999999236
1548,12:00:00,02:46:46,20.0,-3.399999999999237
1549,12:00:00,02:48:11,85.0,6.800000000005412
1550,12:00:00,02:48:30,19.0,-6.800000000005412
1551,12:00:00,02:49:21,51.0,3.399999999999237
1552,12:00:00,02:49:49,28.0,-6.799999999994311
1553,12:00:00,02:50:44,55.0,10.200000000000486
1554,12:00:00,02:50:49,5.0,-3.400000000006176
1555,12:00:00,02:50:50,1.0,3.400000000006176
1556,12:00:00,02:51:05,15.0,-13.600000000006663
1557,12:00:00,02:51:39,34.0,6.80000000000125
1558,12:00:00,02:51:53,14.0,-3.3999999999950736
1559,12:00:00,02:53:08,75.0,6.799999999994311
1560,12:00:00,02:53:17,9.0,-3.3999999999992365
1561,12:00:00,02:53:42,25.0,3.3999999999992365
1562,12:00:00,02:54:10,28.0,-6.799999999994311
1563,12:00:00,02:55:29,79.0,6.799999999994311
1564,12:00:00,02:58:16,167.0,-10.200000000000488
1565,12:00:00,02:58:18,2.0,3.4000000000061767
1566,12:00:00,02:59:03,45.0,-10.200000000007428
1567,12:00:00,02:59:29,26.0,6.800000000001251
1568,12:00:00,02:59:35,6.0,-6.800000000001251
1569,12:00:00,03:00:13,38.0,8.675000000001045
1570,12:00:00,03:01:20,67.0,-15.474999999991194
1571,12:00:00,03:02:07,47.0,6.799999999990149
1572,12:00:00,03:02:08,1.0,-3.3999999999950745
1573,12:00:00,03:02:44,36.0,3.3999999999950745
1574,12:00:00,03:03:33,49.0,-3.3999999999950745
1575,12:00:00,03:03:38,5.0,6.799999999990149
1576,12:00:00,03:03:39,1.0,-3.3999999999950745
1577,12:00:00,03:03:47,8.0,3.3999999999950745
1578,12:00:00,03:03:50,3.0,-3.3999999999950745
1579,12:00:00,03:04:12,22.0,6.800000000001251
1580,12:00:00,02:37:07,19.0,-1.5249999999952806
1581,12:00:00,02:39:27,140.0,0.20000000000713936
1582,12:00:00,02:41:25,118.0,-0.20000000000713936
1583,12:00:00,02:42:57,92.0,0.39999999999623714
1584,12:00:00,02:43:40,43.0,-0.0999999999945489
1585,12:00:00,02:44:20,40.0,0.0999999999945489
1586,12:00:00,02:45:47,87.0,-0.3000000000016887
1587,12:00:00,02:46:31,44.0,3.1249999999996563
1588,12:00:00,02:48:11,100.0,-3.224999999994205
1589,12:00:00,02:48:30,19.0,0.20000000000713936
1590,12:00:00,02:49:21,51.0,-0.10000000001259046
1591,12:00:00,02:49:49,28.0,0.20000000000713936
1592,12:00:00,02:50:50,61.0,-0.30000000000168825
1593,12:00:00,02:51:05,15.0,0.39999999999623626
1594,12:00:00,02:51:39,34.0,-0.1999999999890978
1595,12:00:00,02:51:53,14.0,0.0999999999945489
1596,12:00:00,02:53:08,75.0,-0.20000000000713936
1597,12:00:00,02:53:17,9.0,0.10000000001259046
1598,12:00:00,02:53:42,25.0,-0.10000000001259046
1599,12:00:00,02:54:14,32.0,3.2250000000053074
1600,12:00:00,02:57:29,195.0,-3.1249999999927174
1601,12:00:00,02:59:03,94.0,0.40000000000040004
1602,12:00:00,03:00:26,83.0,-0.20000000001130225
1603,12:00:00,03:01:13,47.0,3.325000000010958
1604,12:00:00,03:02:44,91.0,-3.124999999999656
1605,12:00:00,03:03:41,57.0,3.0249999999940047
1606,12:00:00,03:04:26,45.0,-0.10000000000565112
1607,13:00:00,03:05:39,21.0,6.800000000012352
1608,13:00:00,03:06:07,28.0,-3.400000000006176
1609,13:00:00,03:06:49,42.0,8.675000000005205
1610,13:00:00,03:07:35,46.0,-5.274999999999031
1611,13:00:00,03:07:44,9.0,3.3999999999950736
1612,13:00:00,03:07:52,8.0,-3.3999999999950736
1613,13:00:00,03:08:27,35.0,6.79999999999431
1614,13:00:00,03:08:29,2.0,-3.3999999999992365
1615,13:00:00,03:08:32,3.0,3.3999999999992365
1616,13:00:00,03:08:34,2.0,-6.79999999999431
1617,13:00:00,03:08:50,16.0,5.274999999999031
1618,13:00:00,03:09:07,17.0,-1.8750000000039577
1619,13:00:00,03:09:55,48.0,10.200000000000486
1620,13:00:00,03:10:17,22.0,-8.324999999996532
1621,13:00:00,03:10:51,34.0,1.5249999999952806
1622,13:00:00,03:10:52,1.0,-3.3999999999992365
1623,13:00:00,03:10:53,1.0,3.3999999999992365
1624,13:00:00,03:10:55,2.0,-3.3999999999992365
1625,13:00:00,03:10:56,1.0,3.3999999999992365
1626,13:00:00,03:11:07,11.0,-3.3999999999992383
1627,13:00:00,03:11:33,26.0,3.3999999999992365
1628,13:00:00,03:11:35,2.0,-3.3999999999992365
1629,13:00:00,03:11:44,9.0,6.8000000000054115
1630,13:00:00,03:12:11,27.0,-4.925000000001457
1631,13:00:00,03:12:28,17.0,1.5249999999952806
1632,13:00:00,03:12:32,4.0,-3.3999999999992365
1633,13:00:00,03:13:01,29.0,6.800000000005413
1634,13:00:00,03:13:19,18.0,-3.4000000000061767
1635,13:00:00,03:14:01,42.0,6.800000000001251
1636,13:00:00,03:14:16,15.0,-3.3999999999950745
1637,13:00:00,03:14:31,15.0,3.3999999999950745
1638,13:00:00,03:16:06,95.0,-6.800000000001251
1639,13:00:00,03:16:18,12.0,3.4000000000061767
1640,13:00:00,03:16:32,14.0,-3.4000000000061767
1641,13:00:00,03:17:29,57.0,3.4000000000061767
1642,13:00:00,03:17:58,29.0,-3.4000000000061767
1643,13:00:00,03:18:04,6.0,3.4000000000061767
1644,13:00:00,03:18:58,54.0,-3.4000000000061767
1645,13:00:00,03:20:05,67.0,3.4000000000061767
1646,13:00:00,03:20:19,14.0,-3.4000000000061767
1647,13:00:00,03:20:59,40.0,6.800000000001251
1648,13:00:00,03:21:27,28.0,-3.3999999999950745
1649,13:00:00,03:22:07,40.0,13.5999999999914
1650,13:00:00,03:22:51,44.0,-3.3999999999950745
1651,13:00:00,03:24:02,71.0,17.000000000001737
1652,13:00:00,03:24:39,37.0,-6.8000000000054115
1653,13:00:00,03:24:43,4.0,3.3999999999950745
1654,13:00:00,03:25:21,38.0,-6.799999999990149
1655,13:00:00,03:25:22,1.0,3.3999999999950745
1656,13:00:00,03:25:42,20.0,-3.3999999999950674
1657,13:00:00,03:25:49,7.0,3.3999999999950674
1658,13:00:00,03:25:52,3.0,-3.3999999999950745
1659,13:00:00,03:26:01,9.0,3.3999999999950745
1660,13:00:00,03:26:03,2.0,-3.3999999999950745
1661,13:00:00,03:27:12,69.0,3.3999999999950745
1662,13:00:00,03:28:00,48.0,-10.199999999996326
1663,13:00:00,03:29:03,63.0,13.5999999999914
1664,13:00:00,03:29:37,34.0,-10.199999999996326
1665,13:00:00,03:29:42,5.0,3.4000000000061767
1666,13:00:00,03:30:32,50.0,-10.200000000007428
1667,13:00:00,03:30:50,18.0,6.800000000001251
1668,13:00:00,03:31:02,12.0,-6.800000000001251
1669,13:00:00,03:32:21,79.0,8.675000000001042
1670,13:00:00,03:33:00,39.0,-8.675000000001045
1671,13:00:00,03:33:01,1.0,3.4000000000061767
1672,13:00:00,03:33:05,4.0,-3.4000000000061767
1673,13:00:00,03:33:09,4.0,3.4000000000061767
1674,13:00:00,03:33:13,4.0,-3.4000000000061767
1675,13:00:00,03:33:25,12.0,3.4000000000061767
1676,13:00:00,03:05:39,21.0,-0.20000000000020002
1677,13:00:00,03:06:07,28.0,0.0999999999945489
1678,13:00:00,03:08:32,145.0,-0.30000000000168825
1679,13:00:00,03:08:33,1.0,3.2250000000053074
1680,13:00:00,03:09:55,82.0,-3.424999999994405
1681,13:00:00,03:10:17,22.0,3.3249999999887536
1682,13:00:00,03:13:01,164.0,-3.224999999994205
1683,13:00:00,03:13:19,18.0,0.0999999999945489
1684,13:00:00,03:16:18,179.0,-0.0999999999945489
1685,13:00:00,03:16:34,16.0,3.124999999999656
1686,13:00:00,03:17:29,55.0,-3.124999999999656
1687,13:00:00,03:17:58,29.0,0.0999999999945489
1688,13:00:00,03:20:05,127.0,-0.0999999999945489
1689,13:00:00,03:20:19,14.0,0.0999999999945489
1690,13:00:00,03:22:07,108.0,-0.49999999999494893
1691,13:00:00,03:22:51,44.0,0.0999999999945489
1692,13:00:00,03:24:02,71.0,-0.49999999999078604
1693,13:00:00,03:24:12,10.0,3.224999999990042
1694,13:00:00,03:24:43,31.0,-3.124999999999656
1695,13:00:00,03:24:57,14.0,3.124999999999656
1696,13:00:00,03:27:12,135.0,-3.0249999999940047
1697,13:00:00,03:27:55,43.0,3.324999999999856
1698,13:00:00,03:29:03,68.0,-3.425000000005507
1699,13:00:00,03:29:37,34.0,0.30000000000585114
1700,13:00:00,03:29:42,5.0,-0.0999999999945489
1701,13:00:00,03:30:32,50.0,0.2999999999947489
1702,13:00:00,03:33:27,175.0,3.0249999999940047
1703,14:00:00,03:34:22,1.0,1.8750000000108957
1704,14:00:00,03:34:49,27.0,-1.8750000000108957
1705,14:00:00,03:34:53,4.0,3.400000000006176
1706,14:00:00,03:35:07,14.0,-3.400000000006176
1707,14:00:00,03:35:35,28.0,5.275000000005969
1708,14:00:00,03:36:09,34.0,-5.275000000005969
1709,14:00:00,03:36:13,4.0,3.400000000006176
1710,14:00:00,03:36:43,30.0,-3.400000000006176
1711,14:00:00,03:36:44,1.0,3.400000000006176
1712,14:00:00,03:37:09,25.0,-6.8000000000012495
1713,14:00:00,03:37:47,38.0,3.3999999999950736
1714,14:00:00,03:37:48,1.0,-3.3999999999950736
1715,14:00:00,03:37:49,1.0,3.3999999999950736
1716,14:00:00,03:37:51,2.0,-3.3999999999950736
1717,14:00:00,03:38:39,48.0,5.275000000005969
1718,14:00:00,03:40:17,98.0,-1.8750000000108957
1719,14:00:00,03:40:19,2.0,3.400000000006176
1720,14:00:00,03:40:26,7.0,-3.400000000006176
1721,14:00:00,03:40:48,22.0,3.400000000006176
1722,14:00:00,03:43:02,134.0,-10.199999999996322
1723,14:00:00,03:43:03,1.0,3.3999999999950736
1724,14:00:00,03:43:06,3.0,-3.3999999999950736
1725,14:00:00,03:43:13,7.0,3.3999999999950736
1726,14:00:00,03:43:14,1.0,-3.3999999999950736
1727,14:00:00,03:43:32,18.0,3.3999999999950736
1728,14:00:00,03:43:34,2.0,-3.3999999999950736
1729,14:00:00,03:43:42,8.0,3.3999999999950736
1730,14:00:00,03:43:57,15.0,-3.3999999999950736
1731,14:00:00,03:44:27,30.0,3.399999999995074
1732,14:00:00,03:44:31,4.0,-3.399999999995074
1733,14:00:00,03:44:43,12.0,3.399999999995074
1734,14:00:00,03:45:04,21.0,-3.399999999995074
1735,14:00:00,03:46:11,67.0,3.399999999995074
1736,14:00:00,03:46:24,13.0,-3.399999999995074
1737,14:00:00,03:46:31,7.0,3.399999999995074
1738,14:00:00,03:47:25,54.0,-13.599999999995562
1739,14:00:00,03:47:26,1.0,3.3999999999950745
1740,14:00:00,03:47:28,2.0,-3.3999999999950745
1741,14:00:00,03:47:51,23.0,8.674999999994105
1742,14:00:00,03:48:18,27.0,-1.874999999999794
1743,14:00:00,03:48:36,18.0,6.8000000000012495
1744,14:00:00,03:48:45,9.0,-3.3999999999950745
1745,14:00:00,03:48:57,12.0,3.399999999995074
1746,14:00:00,03:50:12,75.0,-3.399999999995074
1747,14:00:00,03:50:46,34.0,6.799999999990147
1748,14:00:00,03:51:00,14.0,-3.3999999999950736
1749,14:00:00,03:51:24,24.0,6.8000000000012495
1750,14:00:00,03:53:43,139.0,-10.199999999996322
1751,14:00:00,03:53:50,7.0,3.3999999999950736
1752,14:00:00,03:54:42,52.0,-10.200000000000486
1753,14:00:00,03:54:55,13.0,3.3999999999992365
1754,14:00:00,03:54:57,2.0,-3.3999999999992365
1755,14:00:00,03:54:58,1.0,3.3999999999992365
1756,14:00:00,03:55:01,3.0,-3.3999999999992383
1757,14:00:00,03:57:13,132.0,3.3999999999992365
1758,14:00:00,03:57:52,39.0,-6.799999999994311
1759,14:00:00,03:57:53,1.0,3.3999999999950745
1760,14:00:00,03:58:07,14.0,-3.3999999999950745
1761,14:00:00,03:58:14,7.0,3.3999999999950745
1762,14:00:00,03:59:01,47.0,-3.3999999999950745
1763,14:00:00,03:59:13,12.0,3.3999999999950745
1764,14:00:00,03:59:14,1.0,-3.3999999999950745
1765,14:00:00,04:00:04,50.0,6.799999999994311
1766,14:00:00,04:00:05,1.0,-3.3999999999992365
1767,14:00:00,04:00:11,6.0,3.3999999999992365
1768,14:00:00,04:00:31,20.0,-3.3999999999992365
1769,14:00:00,04:00:37,6.0,3.3999999999992365
1770,14:00:00,04:00:38,1.0,-3.3999999999992365
1771,14:00:00,04:01:00,22.0,6.800000000005412
1772,14:00:00,04:01:04,4.0,-3.400000000006176
1773,14:00:00,03:34:22,45.0,9.824999999995255
1774,14:00:00,03:34:53,31.0,-3.124999999999656
1775,14:00:00,03:35:07,14.0,0.10000000000565112
1776,14:00:00,03:35:59,52.0,-0.10000000000565112
1777,14:00:00,03:36:24,25.0,3.124999999999656
1778,14:00:00,03:36:44,20.0,-3.124999999999656
1779,14:00:00,03:37:09,25.0,0.20000000001130225
1780,14:00:00,03:40:48,219.0,-0.20000000001130225
1781,14:00:00,03:41:04,16.0,3.124999999999656
1782,14:00:00,03:42:22,78.0,-3.0249999999940047
1783,14:00:00,03:43:05,43.0,3.225000000005307
1784,14:00:00,03:43:42,37.0,-3.124999999999656
1785,14:00:00,03:43:58,16.0,3.124999999999656
1786,14:00:00,03:44:43,45.0,-3.124999999999656
1787,14:00:00,03:45:05,22.0,3.124999999999656
1788,14:00:00,03:46:11,66.0,-3.124999999999656
1789,14:00:00,03:46:57,46.0,3.2249999999942047
1790,14:00:00,03:48:57,120.0,-3.224999999994205
1791,14:00:00,03:50:12,75.0,0.0999999999945489
1792,14:00:00,03:50:46,34.0,-0.20000000000020002
1793,14:00:00,03:51:00,14.0,0.10000000000565112
1794,14:00:00,03:51:24,24.0,-0.20000000001130225
1795,14:00:00,03:52:37,73.0,3.325000000010958
1796,14:00:00,03:53:50,73.0,-3.124999999999656
1797,14:00:00,03:54:02,12.0,3.2249999999942047
1798,14:00:00,03:54:23,21.0,-3.025000000005107
1799,14:00:00,03:54:42,19.0,0.10000000001259046
1800,14:00:00,03:57:13,151.0,-0.1000000000125909
1801,14:00:00,03:58:08,55.0,3.2250000000053074
1802,14:00:00,03:58:14,6.0,-3.124999999992717
1803,14:00:00,03:59:04,50.0,3.124999999992717
1804,14:00:00,04:00:11,67.0,-3.2250000000053074
1805,14:00:00,04:00:31,20.0,0.10000000001259046
1806,14:00:00,04:01:15,44.0,2.9249999999925165
1807,15:00:00,04:04:28,90.0,3.3999999999950736
1808,15:00:00,04:05:31,63.0,-6.799999999990147
1809,15:00:00,04:06:17,46.0,10.199999999996322
1810,15:00:00,04:06:26,9.0,-3.400000000006176
1811,15:00:00,04:06:27,1.0,3.400000000006176
1812,15:00:00,04:06:54,27.0,-4.925000000001456
1813,15:00:00,04:08:03,69.0,11.725000000002705
1814,15:00:00,04:08:05,2.0,-3.4000000000061767
1815,15:00:00,04:08:12,7.0,3.4000000000061767
1816,15:00:00,04:08:13,1.0,-3.4000000000061767
1817,15:00:00,04:08:51,38.0,17.00000000000174
1818,15:00:00,04:08:59,8.0,-3.3999999999950745
1819,15:00:00,04:09:08,9.0,3.3999999999950745
1820,15:00:00,04:09:10,2.0,-3.3999999999950745
1821,15:00:00,04:09:14,4.0,5.2749999999948685
1822,15:00:00,04:09:20,6.0,-1.874999999999794
1823,15:00:00,04:09:24,4.0,3.3999999999950745
1824,15:00:00,04:09:28,4.0,-3.3999999999950745
1825,15:00:00,04:09:37,9.0,3.3999999999950745
1826,15:00:00,04:09:48,11.0,-3.3999999999950745
1827,15:00:00,04:10:39,51.0,3.3999999999950745
1828,15:00:00,04:10:42,3.0,-3.3999999999950745
1829,15:00:00,04:10:48,6.0,3.3999999999950745
1830,15:00:00,04:10:50,2.0,-3.3999999999950745
1831,15:00:00,04:11:04,14.0,5.275000000005967
1832,15:00:00,04:11:13,9.0,-1.8750000000108962
1833,15:00:00,04:11:30,17.0,3.4000000000061767
1834,15:00:00,04:11:31,1.0,-3.4000000000061767
1835,15:00:00,04:11:58,27.0,13.600000000002499
1836,15:00:00,04:12:08,10.0,-6.799999999990149
1837,15:00:00,04:12:21,13.0,10.199999999985216
1838,15:00:00,04:12:50,29.0,-3.3999999999950745
1839,15:00:00,04:12:51,1.0,3.3999999999950745
1840,15:00:00,04:13:08,17.0,-3.3999999999950745
1841,15:00:00,04:13:32,24.0,3.3999999999950745
1842,15:00:00,04:14:10,38.0,-6.799999999990149
1843,15:00:00,04:15:05,55.0,3.3999999999950745
1844,15:00:00,04:15:12,7.0,-3.3999999999950745
1845,15:00:00,04:15:19,7.0,3.3999999999950745
1846,15:00:00,04:15:27,8.0,-3.3999999999950745
1847,15:00:00,04:15:30,3.0,3.3999999999950745
1848,15:00:00,04:15:31,1.0,-3.3999999999950745
1849,15:00:00,04:15:35,4.0,3.3999999999950745
1850,15:00:00,04:15:37,2.0,-3.3999999999950745
1851,15:00:00,04:15:49,12.0,3.3999999999950745
1852,15:00:00,04:15:50,1.0,-3.3999999999950745
1853,15:00:00,04:15:54,4.0,3.3999999999950745
1854,15:00:00,04:15:56,2.0,-3.3999999999950745
1855,15:00:00,04:15:58,2.0,3.3999999999950745
1856,15:00:00,04:16:00,2.0,-3.3999999999950745
1857,15:00:00,04:16:01,1.0,3.3999999999950745
1858,15:00:00,04:16:05,4.0,-3.3999999999950745
1859,15:00:00,04:16:38,33.0,3.3999999999950745
1860,15:00:00,04:16:40,2.0,-3.3999999999950745
1861,15:00:00,04:18:32,112.0,10.199999999996322
1862,15:00:00,04:18:46,14.0,-3.400000000006173
1863,15:00:00,04:18:49,3.0,3.400000000006173
1864,15:00:00,04:18:52,3.0,-3.400000000006173
1865,15:00:00,04:19:13,21.0,3.400000000006173
1866,15:00:00,04:19:15,2.0,-3.400000000006173
1867,15:00:00,04:20:07,52.0,3.400000000006173
1868,15:00:00,04:20:23,16.0,-3.400000000006173
1869,15:00:00,04:20:27,4.0,3.400000000006173
1870,15:00:00,04:20:35,8.0,-3.400000000006173
1871,15:00:00,04:21:09,34.0,10.200000000007421
1872,15:00:00,04:21:10,1.0,-3.3999999999950745
1873,15:00:00,04:21:11,1.0,3.3999999999950745
1874,15:00:00,04:21:25,14.0,-3.3999999999950745
1875,15:00:00,04:21:26,1.0,3.3999999999950745
1876,15:00:00,04:22:48,82.0,-6.800000000001248
1877,15:00:00,04:23:04,16.0,6.800000000001248
1878,15:00:00,04:23:10,6.0,-3.3999999999950745
1879,15:00:00,04:23:11,1.0,3.3999999999950745
1880,15:00:00,04:24:03,52.0,-3.3999999999950745
1881,15:00:00,04:24:27,24.0,3.3999999999950745
1882,15:00:00,04:26:10,103.0,-13.600000000002495
1883,15:00:00,04:26:44,34.0,10.200000000007421
1884,15:00:00,04:26:45,1.0,-3.400000000006173
1885,15:00:00,04:26:59,14.0,3.400000000006173
1886,15:00:00,04:27:00,1.0,-3.400000000006173
1887,15:00:00,04:28:00,60.0,6.800000000001248
1888,15:00:00,04:29:18,78.0,-13.600000000002495
1889,15:00:00,04:30:10,52.0,10.200000000007421
1890,15:00:00,04:30:25,15.0,-3.400000000006173
1891,15:00:00,04:30:26,1.0,3.400000000006173
1892,15:00:00,04:31:02,36.0,-16.99999999999757
1893,15:00:00,04:31:12,10.0,6.799999999990149
1894,15:00:00,04:31:16,4.0,-3.3999999999950745
1895,15:00:00,04:03:02,5.0,6.42499999998908
1896,15:00:00,04:04:28,86.0,-3.124999999999656
1897,15:00:00,04:05:38,70.0,3.225000000005307
1898,15:00:00,04:06:17,39.0,-3.325000000010958
1899,15:00:00,04:06:29,12.0,3.124999999999656
1900,15:00:00,04:08:51,142.0,-3.724999999996093
1901,15:00:00,04:09:02,11.0,3.1250000000065947
1902,15:00:00,04:09:08,6.0,-3.1250000000065947
1903,15:00:00,04:09:11,3.0,3.1250000000065947
1904,15:00:00,04:09:37,26.0,-3.2250000000011436
1905,15:00:00,04:09:48,11.0,0.0999999999945489
1906,15:00:00,04:11:58,130.0,-0.49999999999494893
1907,15:00:00,04:12:10,12.0,3.2249999999942047
1908,15:00:00,04:12:21,11.0,-3.3249999999887536
1909,15:00:00,04:13:08,47.0,0.0999999999945489
1910,15:00:00,04:13:32,24.0,-0.0999999999945489
1911,15:00:00,04:14:10,38.0,0.1999999999890978
1912,15:00:00,04:15:05,55.0,-0.0999999999945489
1913,15:00:00,04:15:12,7.0,0.0999999999945489
1914,15:00:00,04:15:19,7.0,-0.0999999999945489
1915,15:00:00,04:15:41,22.0,3.124999999999656
1916,15:00:00,04:18:32,171.0,-3.324999999999856
1917,15:00:00,04:18:52,20.0,0.10000000000565112
1918,15:00:00,04:20:07,75.0,-0.10000000000565112
1919,15:00:00,04:20:35,28.0,0.10000000000565112
1920,15:00:00,04:21:26,51.0,-0.2999999999947489
1921,15:00:00,04:22:48,82.0,0.1999999999890978
1922,15:00:00,04:23:11,23.0,-0.1999999999890978
1923,15:00:00,04:24:03,52.0,0.09999999998344666
1924,15:00:00,04:24:27,24.0,-0.09999999998344666
1925,15:00:00,04:26:10,103.0,0.3999999999892978
1926,15:00:00,04:28:00,110.0,-0.3999999999892978
1927,15:00:00,04:29:18,78.0,0.3999999999892978
1928,15:00:00,04:30:10,52.0,-0.30000000000585114
1929,15:00:00,04:31:02,52.0,0.5000000000060512
1930,15:00:00,04:31:16,14.0,-0.10000000000565112
1931,16:00:00,04:31:38,11.0,-6.8000000000012495
1932,16:00:00,04:32:46,68.0,6.8000000000012495
1933,16:00:00,04:32:47,1.0,-3.3999999999950736
1934,16:00:00,04:33:05,18.0,3.3999999999950736
1935,16:00:00,04:33:06,1.0,-3.3999999999950736
1936,16:00:00,04:33:11,5.0,3.3999999999950736
1937,16:00:00,04:34:00,49.0,-6.8000000000012495
1938,16:00:00,04:34:01,1.0,3.400000000006176
1939,16:00:00,04:34:04,3.0,-3.400000000006176
1940,16:00:00,04:34:05,1.0,3.400000000006176
1941,16:00:00,04:34:08,3.0,-3.400000000006176
1942,16:00:00,04:34:09,1.0,3.400000000006176
1943,16:00:00,04:34:34,25.0,-3.400000000006176
1944,16:00:00,04:34:37,3.0,3.400000000006176
1945,16:00:00,04:34:39,2.0,-3.400000000006176
1946,16:00:00,04:35:49,70.0,10.199999999996322
1947,16:00:00,04:36:00,11.0,-3.3999999999950736
1948,16:00:00,04:36:18,18.0,3.3999999999950736
1949,16:00:00,04:36:43,25.0,-3.3999999999950736
1950,16:00:00,04:37:50,67.0,3.3999999999950736
1951,16:00:00,04:38:46,56.0,-6.799999999990147
1952,16:00:00,04:38:47,1.0,3.3999999999950736
1953,16:00:00,04:38:50,3.0,-3.3999999999950736
1954,16:00:00,04:38:56,6.0,3.3999999999950736
1955,16:00:00,04:38:57,1.0,-3.3999999999950736
1956,16:00:00,04:39:45,48.0,5.274999999994867
1957,16:00:00,04:39:57,12.0,-1.8749999999997935
1958,16:00:00,04:40:34,37.0,6.799999999990147
1959,16:00:00,04:40:39,5.0,-3.3999999999950736
1960,16:00:00,04:40:44,5.0,5.27500000000597
1961,16:00:00,04:41:16,32.0,-5.27500000000597
1962,16:00:00,04:41:46,30.0,13.600000000002499
1963,16:00:00,04:41:47,1.0,-3.3999999999950745
1964,16:00:00,04:42:01,14.0,3.3999999999950745
1965,16:00:00,04:42:08,7.0,-3.3999999999950745
1966,16:00:00,04:42:25,17.0,3.3999999999950745
1967,16:00:00,04:42:26,1.0,-3.3999999999950745
1968,16:00:00,04:42:54,28.0,6.800000000005415
1969,16:00:00,04:43:02,8.0,-3.4000000000103405
1970,16:00:00,04:43:06,4.0,3.4000000000103405
1971,16:00:00,04:43:35,29.0,-6.800000000005415
1972,16:00:00,04:44:19,44.0,10.20000000000049
1973,16:00:00,04:45:20,61.0,-6.800000000005415
1974,16:00:00,04:45:47,27.0,10.20000000000049
1975,16:00:00,04:45:48,1.0,-3.3999999999950745
1976,16:00:00,04:46:43,55.0,6.799999999990149
1977,16:00:00,04:47:15,32.0,-3.3999999999950745
1978,16:00:00,04:47:20,5.0,3.3999999999950745
1979,16:00:00,04:47:32,12.0,-3.3999999999950745
1980,16:00:00,04:47:33,1.0,3.3999999999950745
1981,16:00:00,04:47:40,7.0,-3.3999999999950745
1982,16:00:00,04:47:48,8.0,3.3999999999950745
1983,16:00:00,04:48:25,37.0,-6.799999999990149
1984,16:00:00,04:48:27,2.0,3.3999999999950745
1985,16:00:00,04:49:12,45.0,-3.3999999999950745
1986,16:00:00,04:49:55,43.0,6.799999999990149
1987,16:00:00,04:51:00,65.0,-10.199999999985224
1988,16:00:00,04:51:03,3.0,3.3999999999950745
1989,16:00:00,04:51:05,2.0,-3.3999999999950745
1990,16:00:00,04:51:08,3.0,3.3999999999950745
1991,16:00:00,04:51:39,31.0,-3.3999999999950745
1992,16:00:00,04:51:40,1.0,3.3999999999950745
1993,16:00:00,04:52:13,33.0,-6.8000000000054115
1994,16:00:00,04:53:01,48.0,3.400000000010337
1995,16:00:00,04:53:04,3.0,-3.400000000010337
1996,16:00:00,04:53:06,2.0,3.400000000010337
1997,16:00:00,04:53:07,1.0,-3.400000000010337
1998,16:00:00,04:53:33,26.0,6.800000000005415
1999,16:00:00,04:54:22,49.0,-10.20000000000049
2000,16:00:00,04:55:51,89.0,10.200000000000486
2001,16:00:00,04:55:59,8.0,-3.3999999999950745
2002,16:00:00,04:56:06,7.0,3.3999999999950745
2003,16:00:00,04:56:23,17.0,-6.8000000000054115
2004,16:00:00,04:56:34,11.0,3.4000000000103405
2005,16:00:00,04:56:36,2.0,-3.4000000000103405
2006,16:00:00,04:56:55,19.0,6.800000000005415
2007,16:00:00,04:57:42,47.0,-6.800000000005415
2008,16:00:00,04:57:54,12.0,3.4000000000103405
2009,16:00:00,04:58:13,19.0,-3.4000000000103405
2010,16:00:00,04:59:32,79.0,8.674999999994103
2011,16:00:00,04:59:52,20.0,-1.8749999999886917
2012,16:00:00,04:31:30,4.0,6.52499999999473
2013,16:00:00,04:33:11,101.0,-3.124999999999656
2014,16:00:00,04:33:46,35.0,3.225000000005307
2015,16:00:00,04:35:49,123.0,-3.324999999999856
2016,16:00:00,04:36:00,11.0,0.0999999999945489
2017,16:00:00,04:36:18,18.0,-0.0999999999945489
2018,16:00:00,04:36:45,27.0,3.124999999999656
2019,16:00:00,04:38:27,102.0,-3.025000000005107
2020,16:00:00,04:38:50,23.0,0.10000000000565112
2021,16:00:00,04:44:19,329.0,-0.8000000000077394
2022,16:00:00,04:44:42,23.0,3.225000000005307
2023,16:00:00,04:46:43,121.0,-3.4249999999944043
2024,16:00:00,04:47:40,57.0,0.0999999999945489
2025,16:00:00,04:47:48,8.0,-0.0999999999945489
2026,16:00:00,04:48:04,16.0,3.124999999999656
2027,16:00:00,04:48:27,23.0,-3.025000000005107
2028,16:00:00,04:49:12,45.0,0.0999999999945489
2029,16:00:00,04:51:00,108.0,-719.1999999999948
2030,16:00:00,04:51:03,3.0,4.900000000004866
2031,16:00:00,04:51:05,2.0,-4.900000000004866
2032,16:00:00,04:51:08,3.0,4.900000000004866
2033,16:00:00,04:51:39,31.0,-4.900000000004866
2034,16:00:00,04:51:40,1.0,4.900000000004866
2035,16:00:00,04:52:13,33.0,-9.800000000002797
2036,16:00:00,04:53:01,48.0,4.899999999997931
2037,16:00:00,04:53:04,3.0,-4.899999999997931
2038,16:00:00,04:53:06,2.0,4.899999999997931
2039,16:00:00,04:53:07,1.0,-4.899999999997931
2040,16:00:00,04:53:33,26.0,9.800000000002797
2041,16:00:00,04:54:22,49.0,-14.700000000007662
2042,16:00:00,04:55:51,89.0,14.700000000007662
2043,16:00:00,04:55:59,8.0,-4.900000000004866
2044,16:00:00,04:56:06,7.0,4.900000000004866
2045,16:00:00,04:56:23,17.0,-9.800000000002797
2046,16:00:00,04:56:34,11.0,4.899999999997931
2047,16:00:00,04:56:36,2.0,-4.899999999997931
2048,16:00:00,04:56:55,19.0,9.800000000002797
2049,16:00:00,04:57:42,47.0,-9.800000000002797
2050,16:00:00,04:57:54,12.0,4.899999999997931
2051,16:00:00,04:58:13,19.0,-4.899999999997931
2052,16:00:00,04:59:32,79.0,12.824999999996749
2053,16:00:00,04:59:52,20.0,-3.024999999993952
